Name,AddressLine1,AddressLine2,CityStateZipRaw,City,State,Zip,Phone,Email,Website,DateTimeScraped
STONE TOWER WINERY LLC,19925 HOGBACK MOUNTAIN RD,,"LEESBURG VA, 20175-6752",LEESBURG,VA,20175,(703) 777-2797,angela@stonetowerwinery.com,www.stonetowerwinery.com,9/29/2016 3:28:10 PM
ST JULIAN WINE COMPANY INCORPORATED,716 S KALAMAZOO ST,,"PAW PAW MI, 49079",PAW PAW,MI,49079,(269) 657-5568,rons@stjulian.com,www.stjulian.com,9/29/2016 3:28:10 PM
"SAND CASTLE WINERY, INC.",755 RIVER RD,PO BOX 177,"ERWINNA PA, 18920-0177",ERWINNA,PA,18920,,WINESAND@EPIX.NET,,9/29/2016 3:28:10 PM
R WINE CELLAR LLC,2014 SMALLMAN ST,,"PITTSBURGH PA, 15222-4428",PITTSBURGH,PA,15222,,INFO@RWINECELLAR.COM,www.rwinecellar.com,9/29/2016 3:28:10 PM
L18 WINES LLC,2545 NAPA VALLEY CORPORATE DR STE C,,"NAPA CA, 94558-6202",NAPA,CA,94558,(646) 376-7742,compliance@lot18.com,www.lot18.com,9/29/2016 3:28:10 PM
THORN HILL VINEYARDS INC,8170 HWY 29,,"LOWER LAKE CA, 95457-9536",LOWER LAKE,CA,95457,(717) 299-3688,THLANC@COMCAST.NET,,9/29/2016 3:28:10 PM
THE COURTYARD WINERIES LLC,10021 WEST MAIN RD,,"NORTH EAST PA, 16428",NORTH EAST,PA,16428,,COURTYARDWINE@VERIZON.NET,,9/29/2016 3:28:10 PM
KINGVIEWMEAD LLC,357 TOURA DR,,"PITTSBURGH PA, 15236-4510",PITTSBURGH,PA,15236,(412) 335-0070,,,9/29/2016 3:28:10 PM
STE MICHELLE WINE ESTATES LTD,14111 NORTH EAST 145TH ST,PO BOX 1976,"WOODINVILLE WA, 98072-1976",WOODINVILLE,WA,98072,(425) 488-1133,COMPLIANCE@SMWE.COM,www.smwe.com,9/29/2016 3:28:10 PM
THE HESS COLLECTION WINERY,4411 REDWOOD RD,,"NAPA CA, 94558",NAPA,CA,94558,(707) 253-1682,KATE@HESSCOLLECTION.COM,www.hesscollection.com,9/29/2016 3:28:10 PM
"ARROWHEAD WINE CELLARS, INC.",12073 E MAIN RD,PO BOX 676,"NORTH EAST PA, 16428-0676",NORTH EAST,PA,16428,,WINE@VELOCITY.NET,,9/29/2016 3:28:10 PM
CAKEBREAD CELLARS,8300 ST HELENA HWY,,"RUTHERFORD CA, 94573",RUTHERFORD,CA,94573,(707) 963-5221,kenneth@cakebread.com,www.cakebread.com,9/29/2016 3:28:10 PM
BLUE RIDGE WINERY LLC,239 BLUE RIDGE RD,,"SAYLORSBURG PA, 18353-8131",SAYLORSBURG,PA,18353,(570) 236-7816,RANDYDETRICK@YAHOO.COM,,9/29/2016 3:28:10 PM
JOHNSON ESTATE WINERY LLC,8419 W MAIN RD,P O BOX 52,"WESTFIELD NY, 14787-0052",WESTFIELD,NY,14787,(716) 326-2191,,,9/29/2016 3:28:10 PM
HAPPY VALLEY VINEYARD & WINERY LLC,576 S FOXPOINTE DR,,"STATE COLLEGE PA, 16801-3300",STATE COLLEGE,PA,16801,(814) 360-1770,HVWINERY@GMAIL.COM,,9/29/2016 3:28:10 PM
REUSTLE PRAYER ROCK VINEYARDS,960 CAL HENRY RD,,"ROSEBURG OR, 97471",ROSEBURG,OR,97471,(541) 459-6060,WINE@REUSTLEVINEYARDS.COM,www.reustlevineyards.com,9/29/2016 3:28:10 PM
TABLAS CREEK VINEYARD,9339 ADELAIDA RD,,"PASO ROBLES CA, 93446",PASO ROBLES,CA,93446,(805) 237-1231,drc@tablascreek.com,www.tablascreek.com,9/29/2016 3:28:10 PM
ROBERT CRAIG WINERY,2475 SUMMIT LAKE DR,,"ANGWIN CA, 94508",ANGWIN,CA,94508,(707) 252-2250,kiersten@robertcraigwine.com,www.robertcraigwine.com,9/29/2016 3:28:10 PM
LA GRANJA WINERY INC,10920 CHIMNEY ROCK RD,,"PASO ROBLES CA, 93446",PASO ROBLES,CA,93446,(805) 400-3276,JIM@THEFARMWINERY.COM,www.thefarmwinery.com,9/29/2016 3:28:10 PM
CLINE CELLARS INC,24737 ARNOLD DR,,"SONOMA CA, 95476",SONOMA,CA,95476,(707) 284-2828,licensing@compliance-connect.com,,9/29/2016 3:28:10 PM
LONG SHADOWS VINTNERS,1604 FRENCHTOWN RD,,"WALLA WALLA WA, 99362",WALLA WALLA,WA,99362,(206) 366-0335,shelained@longshadows.com,www.longshadows.com,9/29/2016 3:28:11 PM
"BENIGNA'S CREEK VINEYARD & WINERY,",1585 RIDGE RD,,"KLINGERSTOWN PA, 17941-9637",KLINGERSTOWN,PA,17941,(570) 425-3090,LAZYM@RURALIFE.NET,,9/29/2016 3:28:11 PM
"1-800 WINESHOP.COM, INC",525 AIRPARK RD,,"NAPA CA, 94558",NAPA,CA,94558,(707) 253-0200,shodges@wineshopathome.com,www.wineshopathome.com,9/29/2016 3:28:11 PM
PENN-SHORE VINEYARDS INC.,10225 E LAKE RD,,"NORTH EAST PA, 16428-2839",NORTH EAST,PA,16428,,JEFFREYORE@AOL.COM,,9/29/2016 3:28:11 PM
NAKEDWINES.COM INC,8450 SONOMA HWY,,"KENWOOD CA, 95452-2052",KENWOOD,CA,95452,(707) 786-6287,,,9/29/2016 3:28:11 PM
"WILHELM WINERY, INC.",590 GEORGETOWN RD,,"HADLEY PA, 16130-1010",HADLEY,PA,16130,(724) 253-3700,WILHELM3700@ALLTEL.NET,,9/29/2016 3:28:11 PM
GRACE WINERY LLC,50 SWEETWATER RD,,"GLEN MILLS PA, 19342-1709",GLEN MILLS,PA,19342,(610) 459-4711,DCLV@COMCAST.NET,,9/29/2016 3:28:11 PM
RDV VINEYARDS LLC,2550 DELAPLANE GRADE RD,,"DELAPLANE VA, 20144",DELAPLANE,VA,20144,(800) 790-6838,bannon@williamscompliance.com,,9/29/2016 3:28:11 PM
FERRARI-CARANO VINEYARDS AND WINERY,PO Box 1549,,"HEALDSBURG CA, 95448",HEALDSBURG,CA,95448,(707) 433-6700,jodee@fcwinery.com,www.fcwinery.com,9/29/2016 3:28:11 PM
"PICKERING WINERY, INC.",27697 RTE 187,,"WYSOX PA, 18854-9601",WYSOX,PA,18854,(570) 247-7269,PICKWINE1@EPIX.NET,,9/29/2016 3:28:11 PM
MENDOCINO WINE GROUP LLC,501 PARDUCCI RD,,"UKIAH CA, 95482-3015",UKIAH,CA,95482,(707) 463-5380,valeriem@mendocinowineco.com,www.mendocinowineco.com,9/29/2016 3:28:11 PM
ARKENSTONE VINEYARDS LLC,335 WEST LANE,,"ANGWIN CA, 94508-9606",ANGWIN,CA,94508,(707) 965-1020,susan@arkenstone.com,www.arkenstone.com,9/29/2016 3:28:11 PM
WILSON CREEK WINERY & VINEYARDS INC,35960 RANCHO CALIFORNIA RD,,"TEMECULA CA, 92591",TEMECULA,CA,92591,(951) 699-9463,compliance@wilsoncreekwinery.com,www.wilsoncreekwinery.com,9/29/2016 3:28:11 PM
CALDWELL VINEYARD LLC,270 KREUZER LN,,"NAPA CA, 94559-3623",NAPA,CA,94559,(707) 265-0233,BETH@THEWACCO.COM,www.thewacco.com,9/29/2016 3:28:11 PM
QUILCEDA CREEK VINTNERS INC,11306 52ND ST SE,,"SOHOMISH WA, 98290",SOHOMISH,WA,98290,(360) 568-2389,john@quilcedacreek.com,www.quilcedacreek.com,9/29/2016 3:28:11 PM
KONSTANTIN D FRANK & SONS VINIFERA,9749 MIDDLE RD,,"HAMMONDSPORT NY, 14840",HAMMONDSPORT,NY,14840,(607) 868-4884,ksmolos@drfrankwines.com,www.drfrankwines.com,9/29/2016 3:28:11 PM
CASSEL VINEYARDS OF HERSHEY LLC,80 SHETLAND DR,,"HUMMELSTOWN PA, 17036-9238",HUMMELSTOWN,PA,17036,,CASSELVINEYARDS@GMAIL.COM,,9/29/2016 3:28:11 PM
JAMES  SUMMERS,1171 TUBBS LN,,"CALISTOGA CA, 94515-1053",CALISTOGA,CA,94515,(707) 942-5508,INFO@SUMMERSWINERY.COM,www.summerswinery.com,9/29/2016 3:28:11 PM
CASTORO CELLARS,6465 VON DOLLEN RD,,"SAN MIGUEL CA, 93451-9567",SAN MIGUEL,CA,93451,,castoro@compli-beverage.com,,9/29/2016 3:28:11 PM
MOUNTAIN VIEW VINEYARD INC,5866 NEOLA RD,,"STROUDSBURG PA, 18360-7983",STROUDSBURG,PA,18360,(570) 619-0053,RANDY@MOUNTAINVIEWVINEYARD.COM,www.mountainviewvineyard.com,9/29/2016 3:28:11 PM
HERB LAMB VINEYARDS LLC,4326 BIG RANCH RD,,"NAPA CA, 94558-1347",NAPA,CA,94558,(707) 967-9752,terry@herblambvineyards.com,www.herblambvineyards.com,9/29/2016 3:28:11 PM
BRYTER ESTATES LLC,5055 SOLANO AVE,,"NAPA CA, 94558-1326",NAPA,CA,94558,(707) 265-0233,BETH@THEWACCO.COM,www.thewacco.com,9/29/2016 3:28:11 PM
STEPHEN HAWKES,6734 HWY 128,,"HEALDSBURG CA, 95448",HEALDSBURG,CA,95448,(707) 433-4295,Susanna@hawkeswine.com,www.hawkeswine.com,9/29/2016 3:28:11 PM
WALTZ VINEYARDS ESTATE WINERY LLC,1599 OLD LINE RD,,"MANHEIM PA, 17545-8222",MANHEIM,PA,17545,(717) 664-9463,anne@waltzvineyards.com,www.waltzvineyards.com,9/29/2016 3:28:11 PM
SIX SIGMA WINERY LLC,13372 SPRUCE GROVE RD,,"LOWER LAKE CA, 95457-9862",LOWER LAKE,CA,95457,(707) 994-4068,MARY@SIXSIGMARANCH.COM,www.sixsigmaranch.com,9/29/2016 3:28:11 PM
HAHN ESTATE,37700 FOOTHILL RD,,"SOLEDAD CA, 93960-9620",SOLEDAD,CA,93960,(707) 284-2828,licensing@compliance-connect.com,,9/29/2016 3:28:11 PM
ANTLER RIDGE WINERY INC,37 ANTLER RIDGE LN,,"ULSTER PA, 18850-9749",ULSTER,PA,18850,(610) 730-0501,ANTLERRIDGE@EPIX.NET,,9/29/2016 3:28:11 PM
SWEDISH HILL VINEYARD INC,4565 RTE 414,,"ROMULUS NY, 14541",ROMULUS,NY,14541,(607) 403-0029,Jean.Peterson@swedishhill.com,www.swedishhill.com,9/29/2016 3:28:11 PM
TOLINO VINEYARDS LLC,280 MT PLEASANT RD,,"BANGOR PA, 18013-9244",BANGOR,PA,18013,,CARL@TOLINOVINEYARDS.COM,www.tolinovineyards.com,9/29/2016 3:28:11 PM
RAFFALDINI VINEYARDS & WINERY LLC,450 GROCE RD,,"RONDA NC, 28670-9134",RONDA,NC,28670,(312) 315-0550,barbara@raffaldini.com,www.raffaldini.com,9/29/2016 3:28:11 PM
J LOHR WINERY CORPORATION,1000 LENZEN AVE,,"SAN JOSE CA, 95126",SAN JOSE,CA,95126,(805) 239-5400,jhamm@jlohr.com,www.jlohr.com,9/29/2016 3:28:11 PM
MONTICELLO CELLARS,4242 BIG RANCH RD,,"NAPA CA, 94558-1301",NAPA,CA,94558,,STEPHEN@CORLEYFAMILYNAPAVALLEY,www.corleyfamilynapavalley,9/29/2016 3:28:11 PM
ARMIDA WINERY INC,2201 WESTSIDE RD,,"HEALDSBURG CA, 95448",HEALDSBURG,CA,95448,(707) 528-8500,armida@dhwinecompliance.com,,9/29/2016 3:28:11 PM
BLACKBIRD VINEYARDS LLC,7830-40 ST HELENA HWY,STE 2,"OAKVILLE CA, 94562",OAKVILLE,CA,94562,(707) 528-8500,blackbird@dhwinecompliance.com,,9/29/2016 3:28:11 PM
ITO WINES LLC,8260 PLEASANT VALLEY RD,,"HAMMONDSPORT NY, 14840",HAMMONDSPORT,NY,14840,(978) 500-5583,katie@travelingvineyard.com,www.travelingvineyard.com,9/29/2016 3:28:11 PM
ITO WINES LLC,35 & 70 INDUSTRIAL WAY,,"BUELLTON CA, 93427",BUELLTON,CA,93427,(978) 500-5583,katie@travelingvineyard.com,www.travelingvineyard.com,9/29/2016 3:28:11 PM
ITO WINES LLC,499 MOORE LANE,,"HEALDSBURG CA, 95448",HEALDSBURG,CA,95448,(978) 500-5583,katie@travelingvineyard.com,www.travelingvineyard.com,9/29/2016 3:28:11 PM
ADELAIDA CELLARS INC,5805 ADELAIDA RD,,"PASO ROBLES CA, 93446",PASO ROBLES,CA,93446,,adelaida@compli-beverage.com,,9/29/2016 3:28:11 PM
LORING WINE COMPANY LLC,1034 W AVIATION DR,,"LOMPOC CA, 93436",LOMPOC,CA,93436,(805) 736-0053,brian@loringwinecompany.com,www.loringwinecompany.com,9/29/2016 3:28:11 PM
CHATEAU DIANA LLC,6195 DRY CREEK RD,,"HEALDSBURG CA, 95448",HEALDSBURG,CA,95448,(707) 528-8500,chateaudiana@dhwinecompliance.com,,9/29/2016 3:28:11 PM
RED CAR WINE COMPANY LLC,8400 GRATON RD,,"SEBASTOPOL CA, 95472-2401",SEBASTOPOL,CA,95472,(707) 528-8500,redcar@dhwinecompliance.com,,9/29/2016 3:28:11 PM
MAROON WINERY LLC,1075 GOLDEN GATE DR,,"NAPA CA, 94558",NAPA,CA,94558,(707) 252-4725,jw1@winecompliance.com,,9/29/2016 3:28:11 PM
HUNT COUNTRY VINEYARDS LLC,4021 ITALY HILL RD,,"BRANCHPORT NY, 14418-9615",BRANCHPORT,NY,14418,(315) 595-2812,INFO@HUNTWINES.COM,www.huntwines.com,9/29/2016 3:28:11 PM
NAPA WINE COMPANY LLC,7830-40 ST HELENA HWY,,"OAKVILLE CA, 94562",OAKVILLE,CA,94562,(508) 648-2505,coastalcompliance@comcast.net,,9/29/2016 3:28:11 PM
SHAFER VINEYARDS,6154  SILVERADO TRAIL,,"NAPA CA, 94558",NAPA,CA,94558,(707) 944-2877,mschatz@shafervineyards.com,www.shafervineyards.com,9/29/2016 3:28:11 PM
KENEFICK RANCHES WINERY LLC,4550 SILVERADO TRAIL,,"CALISTOGA CA, 94515",CALISTOGA,CA,94515,(866) 661-4190,brenda@wineindustrycompliance.com,,9/29/2016 3:28:11 PM
LAYTONS CHANCE VINEYARD & WINERY LLC,4225 NEW BRIDGE RD,,"VIENNA MD, 21869",VIENNA,MD,21869,(410) 228-1205,jlayton@laytonschance.com,www.laytonschance.com,9/29/2016 3:28:11 PM
GAMBLE FAMILY VINEYARDS LLC,7554 ST HELENA HWY,,"OAKVILLE CA, 94562",OAKVILLE,CA,94562,(707) 944-2999,kari@gamblefamilyvineyards.com,www.gamblefamilyvineyards.com,9/29/2016 3:28:11 PM
WHEELER WINERY INC,1791 OLIVET RD,,"SANTA ROSA CA, 95401",SANTA ROSA,CA,95401,(707) 963-6951,bonne.posert@boisset.com,www.boisset.com,9/29/2016 3:28:11 PM
RAYMOND VINEYARD & CELLAR INC,849 ZINFANDEL LN,,"ST HELENA CA, 94574-1645",ST HELENA,CA,94574,(707) 963-6951,bonne.posert@boisset.com,www.boisset.com,9/29/2016 3:28:11 PM
PORTER FAMILY VINEYARDS LLC,1189 GREEN VALLEY RD,,"NAPA CA, 94558-4061",NAPA,CA,94558,(707) 927-0765,,,9/29/2016 3:28:11 PM
STONY HILL VINEYARD,3331 N ST ST HELENA HWY,PO BOX 308,"ST HELENA CA, 94574-0308",ST HELENA,CA,94574,(707) 963-2636,INFO@STONYHILLVINEYARD.COM,www.stonyhillvineyard.com,9/29/2016 3:28:11 PM
DEL DOTTO VINEYARDS,1055 ATLAS PEAK RD,,"NAPA CA, 94558-1501",NAPA,CA,94558,(707) 252-4725,reg1@winecompliance.com,,9/29/2016 3:28:11 PM
J.K. CARRIERE LLC,9995 NE PARRETT MOUNTAIN RD,,"NEWBERG OR, 97132-7250",NEWBERG,OR,97132,(503) 554-0721,linda@jkcarriere.com,www.jkcarriere.com,9/29/2016 3:28:11 PM
PRINCE MICHEL LLC,154  WINERY LANE,,"LEON VA, 22725",LEON,VA,22725,(540) 547-3707,sturner@princemichel.com,www.princemichel.com,9/29/2016 3:28:11 PM
HERITANCE VINTNERS LLC,105 ZINFANDEL LN,,"SAINT HELENA CA, 94574-1631",SAINT HELENA,CA,94574,(516) 802-4730,ddessi@seaviewimports.com,www.seaviewimports.com,9/29/2016 3:28:11 PM
ARETE WINES LLC,1712 INDUSTRIAL WAY,,"LOMPOC CA, 93436-4947",LOMPOC,CA,93436,,arete@compli-beverage.com,,9/29/2016 3:28:11 PM
DOMAINE SERENE VINEYARDS & WINERY INC,6555 NE HILLTOP LN,,"DAYTON OR, 97114-7227",DAYTON,OR,97114,(503) 864-4600,ARTIE@DOMAINESERENE.COM,www.domaineserene.com,9/29/2016 3:28:11 PM
JARVIS,2970 MONTICELLO RD,,"NAPA CA, 94558",NAPA,CA,94558,(707) 255-5280,info@jarviswines.com,www.jarviswines.com,9/29/2016 3:28:11 PM
NAVARRO VINEYARDS LLC,5601 HWY 128,,"PHILO CA, 95466",PHILO,CA,95466,(707) 895-3516,Lynnes@mail.navarrowine.com,www.mail.navarrowine.com,9/29/2016 3:28:11 PM
SEAVEY VINEYARD LP,1310 CONN VALLEY RD,,"ST HELENA CA, 94574-9610",ST HELENA,CA,94574,(707) 963-9339,accounting@seaveyvineyard.com,www.seaveyvineyard.com,9/29/2016 3:28:12 PM
OWEN ROE LLC,2761 E 9TH ST,,"NEWBERG OR, 97132",NEWBERG,OR,97132,(503) 516-5611,alisa@owenroe.com,www.owenroe.com,9/29/2016 3:28:12 PM
HALTER WINERY LLC,8910 ADELAIDA RD,,"PASO ROBLES CA, 93446-8798",PASO ROBLES,CA,93446,(805) 226-9455,katie@halterranch.com,www.halterranch.com,9/29/2016 3:28:12 PM
RED NEWT CELLARS INC,3675 TICHENOR RD,,"HECTOR NY, 14841-9675",HECTOR,NY,14841,(607) 546-4100,TERRI@REDNEWT.COM,www.rednewt.com,9/29/2016 3:28:12 PM
LAW ESTATE WINES,3885 PEACHY CANYON RD,,"PASO ROBLES CA, 93446",PASO ROBLES,CA,93446,(805) 226-9200,accounting@lawestatewines.com,www.lawestatewines.com,9/29/2016 3:28:12 PM
DENNER WINERY INC,5414 VINEYARD DR,,"PASO ROBLES CA, 93446-9684",PASO ROBLES,CA,93446,(805) 239-4287,ashleigh@dennervineyards.com,www.dennervineyards.com,9/29/2016 3:28:12 PM
FULCRUM WINES LLC,110 CAMINO ORUGA,,"NAPA CA, 94558",NAPA,CA,94558,(732) 610-9602,david@fulcrumwines.com,www.fulcrumwines.com,9/29/2016 3:28:12 PM
SONOMA-CUTRER VINEYARDS,4401  SLUSSER RD,,"WINDSOR CA, 95492",WINDSOR,CA,95492,(502) 774-7324,Denise_Dillard@b-f.com,www.b-f.com,9/29/2016 3:28:12 PM
"BURGESS CELLARS, INC.",1108 DEER PARK RD,,"SAINT HELENA CA, 94574-9728",SAINT HELENA,CA,94574,(707) 254-1133,WINES@BURGESSCELLARS.COM,www.burgesscellars.com,9/29/2016 3:28:12 PM
VIGNETTE WINERY LLC,45 ENTERPRISE CT,,"NAPA CA, 94558",NAPA,CA,94558,(707) 637-8821,,,9/29/2016 3:28:12 PM
FLORA SPRINGS WINE COMPANY,1978 W ZINFANDEL LN,,"SAINT HELENA CA, 94574-1611",SAINT HELENA,CA,94574,(800) 788-0212,GRAPEVINECOMPLIANCE@Q.COM,www.q.com,9/29/2016 3:28:12 PM
MAURITSON FAMILY WINERY,2859 DRY CREEK RD,,"HEALDSBURG CA, 95448",HEALDSBURG,CA,95448,(707) 431-0804,info@mauritsonwines.com,www.mauritsonwines.com,9/29/2016 3:28:12 PM
SCHRAMSBERG VINEYARDS CO,1400 SCHRAMSBERG RD,,"CALISTOGA CA, 94515",CALISTOGA,CA,94515,(707) 942-2436,sthurman@schramsberg.com,www.schramsberg.com,9/29/2016 3:28:12 PM
LEMELSON WINERY LLC,12020 NE STAG HOLLOW RD,,"CARLTON OR, 97111",CARLTON,OR,97111,(503) 852-6619,kate@lemelsonvineyards.com,www.lemelsonvineyards.com,9/29/2016 3:28:12 PM
DAWN'S DREAM LLC,18181 CACHAGUA RD,,"CARMEL VALLEY CA, 93924-9313",CARMEL VALLEY,CA,93924,(505) 977-1010,grapevinecompliance@q.com,www.q.com,9/29/2016 3:28:12 PM
DRY CREEK VINEYARD INC,3770 LAMBERT BRIDGE RD,,"HEALDSBURG CA, 95448",HEALDSBURG,CA,95448,(505) 977-1010,grapevinecompliance@q.com,www.q.com,9/29/2016 3:28:12 PM
DUTTON GOLDFIELD WINERY LLC,3100 GRAVENSTEIN  HWY,,"SEBASTOPOL CA, 95472",SEBASTOPOL,CA,95472,(505) 977-1010,grapevinecompliance@q.com,www.q.com,9/29/2016 3:28:12 PM
GALANTE FAMILY WINERY INC,18181 CACHAGUA RD,,"CARMEL VALLEY CA, 93924-9313",CARMEL VALLEY,CA,93924,(505) 977-1010,grapevinecompliance@q.com,www.q.com,9/29/2016 3:28:12 PM
CK CELLARS LLC,2770 RTE 14,,"PENN YAN NY, 19031",PENN YAN,NY,19031,(315) 422-1152,zrb@ccf-law.com,www.ccf-law.com,9/29/2016 3:28:12 PM
PANTHER CREEK CELLARS LLC,240 SE 5TH AV,,"DUNDEE OR, 97115",DUNDEE,OR,97115,(505) 977-1010,grapevinecompliance@q.com,www.q.com,9/29/2016 3:28:12 PM
ROY ESTATE LLC,1220 SODA CANYON RD,,"NAPA CA, 94558",NAPA,CA,94558,(505) 977-1010,grapevinecompliance@q.com,www.q.com,9/29/2016 3:28:12 PM
WINE BY JOE LLC,240 SE 5TH ST,,"DUNDEE OR, 97115-5003",DUNDEE,OR,97115,(505) 977-1010,grapevinecompliance@q.com,www.q.com,9/29/2016 3:28:12 PM
LARKMEAD VINEYARDS,1100 LARKMEAD LANE,,"CALISTOGA CA, 94515",CALISTOGA,CA,94515,(866) 661-4190,melissa@wineindustrycompliance.com,,9/29/2016 3:28:12 PM
ROUND POND ESTATE LLC,875 RUTHERFORD RD,,"RUTHERFORD CA, 94573",RUTHERFORD,CA,94573,(866) 661-4190,melissa@wineindustrycompliance.com,,9/29/2016 3:28:12 PM
ARIETTA INC,3468 SILVERADO TRAIL N,,"SAINT HELENA CA, 94574-9662",SAINT HELENA,CA,94574,(510) 964-7901,dleon@cqaconsult.net,,9/29/2016 3:28:12 PM
DISTEL CELLARS LLC,32230 NE OLD PARRETT MOUNTAIN RD,,"NEWBERG OR, 97132-6934",NEWBERG,OR,97132,(612) 799-8969,thomas.d.mortimer@gmail.com,,9/29/2016 3:28:12 PM
MOLLYDOOKER INTERNATIONAL LLC,1285 DEALY  LANE,,"NAPA CA, 94559",NAPA,CA,94559,(505) 977-1010,GRAPEVINECOMPLIANCE@Q.COM,www.q.com,9/29/2016 3:28:12 PM
AC VIN CO LLC,1119 STATE LN,,"YOUNTVILLE CA, 94599-9407",YOUNTVILLE,CA,94599,(505) 977-1010,grapevinecompliance@q.com,www.q.com,9/29/2016 3:28:12 PM
VILLA ENCINAL PARTNERS LP,620 OAKVILLE CROSS RD,,"OAKVILLE CA, 94562",OAKVILLE,CA,94562,(707) 578-7807,paula@complianceservice.com,,9/29/2016 3:28:12 PM
STONE EDGE WINERY LLC,21692 8TH ST E SUITES 100 & 110,,"SONOMA CA, 95476-2802",SONOMA,CA,95476,(707) 528-8500,stoneedge@dhwinecompliance.com,,9/29/2016 3:28:12 PM
B WISE VINEYARDS LLC,396 LONDON WAY,,"SONOMA CA, 95476",SONOMA,CA,95476,(707) 578-7807,paula@complianceservice.com,,9/29/2016 3:28:12 PM
BREAUX VINEYARDS LTD,36888 BREAUX VINEYARDS LANE,,"PURCELLVILLE VA, 20132",PURCELLVILLE,VA,20132,(540) 668-6299,breauxvineyardswccg@gmail.com,,9/29/2016 3:28:12 PM
TREFETHEN VINEYARDS WINERY INC,1160 OAK KNOLL AV,,"NAPA CA, 94558",NAPA,CA,94558,(707) 251-2421,dcw@trefethen.com,www.trefethen.com,9/29/2016 3:28:12 PM
HAGAFEN CELLARS INC,4160 SILVERADO TRAIL,,"NAPA CA, 94558",NAPA,CA,94558,,ernie@hagafen.com,www.hagafen.com,9/29/2016 3:28:12 PM
BOYD FAMILY VINEYARDS LLC,4326 BIG RANCH RD,,"NAPA CA, 94558-1347",NAPA,CA,94558,(707) 265-9485,joan@boydwine.com,www.boydwine.com,9/29/2016 3:28:12 PM
FOX MEADOW WINERY LLC,3310 FREEZELAND RD,,"LINDEN VA, 22642",LINDEN,VA,22642,(800) 790-6838,dan@foxmeadowwinery.com,www.foxmeadowwinery.com,9/29/2016 3:28:12 PM
PETER MICHAEL WINERY,12400 IDA CLAYTON RD,,"CALISTOGA CA, 94515-9507",CALISTOGA,CA,94515,(707) 284-2828,licensing@compliance-connect.com,,9/29/2016 3:28:12 PM
"DIVOT ENTERPRISES, LLC",3200 SOSCOL AVE APT 103,,"NAPA CA, 94558-9739",NAPA,CA,94558,(707) 603-1462,GRAPEVINECOMPLIANCE@Q.COM,www.q.com,9/29/2016 3:28:12 PM
HANDLEY CELLARS LIMITED PARTNERSHIP,3151 HIGHWAY 128,,"PHILO CA, 95466",PHILO,CA,95466,(707) 578-7807,paula@complianceservice.com,,9/29/2016 3:28:12 PM
"RIDGE VINEYARDS, INC.",17100 MONTEBELLO RD,,"CUPERTINO CA, 95014-5435",CUPERTINO,CA,95014,(408) 868-1334,richard@ridgewine.com,www.ridgewine.com,9/29/2016 3:28:12 PM
BELLA LUNA WINERY INC,1850  TEMPLETON RD,,"TEMPLETON CA, 93465",TEMPLETON,CA,93465,(805) 712-5225,shelly.zanoli@bellalunawine.com,www.bellalunawine.com,9/29/2016 3:28:12 PM
FOXEN VINEYARD INC,7600 FOXEN CANYON RD,,"SANTA MARIA CA, 93454",SANTA MARIA,CA,93454,(805) 937-4251,katie@foxenvineyard.com,www.foxenvineyard.com,9/29/2016 3:28:12 PM
PRIDE MOUNTAIN VINEYARDS LLC,3000 SUMMIT TRAIL,,"SANTA ROSA CA, 95404",SANTA ROSA,CA,95404,(707) 964-6064,krantz@pridewines.com,www.pridewines.com,9/29/2016 3:28:12 PM
FROGS LEAP WINERY,8815 CONN CREEK RD,,"RUTHERFORD CA, 94573",RUTHERFORD,CA,94573,(707) 963-4704,kelly@frogsleap.com,www.frogsleap.com,9/29/2016 3:28:12 PM
TURNBULL WINE CELLARS,8210 ST HELENA HWY,,"OAKVILLE CA, 94562",OAKVILLE,CA,94562,(510) 964-7901,dleon@cqaconsult.net,,9/29/2016 3:28:12 PM
SONS OF BACCHUS LLC,3354A COFFEY LANE,,"SANTA ROSA CA, 95403-1917",SANTA ROSA,CA,95403,(831) 675-7500,info@pisonivineyards.com,www.pisonivineyards.com,9/29/2016 3:28:12 PM
MADRIGAL FAMILY WINERY LLC,3718 N ST HELENA HWY,,"CALISTOGA CA, 94515-9651",CALISTOGA,CA,94515,(707) 942-1065,mmccollum@madrigalfamilywinery.com,www.madrigalfamilywinery.com,9/29/2016 3:28:12 PM
ADELSHEIM VINEYARD LLC,16800 NE CALKINS LANE,,"NEWBERG OR, 97132",NEWBERG,OR,97132,(503) 538-3652,compliance@adelsheim.com,www.adelsheim.com,9/29/2016 3:28:12 PM
TALLEY VINEYARDS,3031 LOPEZ DR,,"ARROYO GRANDE CA, 93420",ARROYO GRANDE,CA,93420,(805) 489-0446,michele@talleyvineyards.com,www.talleyvineyards.com,9/29/2016 3:28:12 PM
ROEDERER ESTATE INC,4501 HIGHWAY 128,,"PHILO CA, 95466",PHILO,CA,95466,(707) 578-7807,paula@complianceservice.com,,9/29/2016 3:28:12 PM
OPUS ONE WINERY LLC,7900 ST HELENA HWY,,"OAKVILLE CA, 94562",OAKVILLE,CA,94562,(707) 578-7807,paula@complianceservice.com,,9/29/2016 3:28:12 PM
TERRA SPRINGS LLC,620 TRANCAS ST,,"NAPA CA, 94558-3083",NAPA,CA,94558,(707) 967-8340,tracy@terravalentine.com,www.terravalentine.com,9/29/2016 3:28:12 PM
POTT WINE,6126 SILVERADO TRAIL,,"NAPA CA, 94558",NAPA,CA,94558,(707) 967-9378,claire@pottwine.com,www.pottwine.com,9/29/2016 3:28:12 PM
TI BEVERAGE GROUP LTD,110 CAMINO ORUGA ST,,"NAPA CA, 94558-6214",NAPA,CA,94558,(505) 977-1010,grapevinecompliance@q.com,www.q.com,9/29/2016 3:28:12 PM
SILVER THREAD VINEYARD LLC,1401 CAYWOOD  RD,,"LODI NY, 14860",LODI,NY,14860,(607) 582-6116,info@silverthreadwine.com,www.silverthreadwine.com,9/29/2016 3:28:12 PM
WILLIAM COLE VINEYARDS LLC,2849 ST HELENA HWY,,"ST HELENA CA, 94574",ST HELENA,CA,94574,(707) 968-5003,tbcompliance@gmail.com,,9/29/2016 3:28:12 PM
ELK MOUNTAIN WINERY,24670 BENNETTS VALLEY HWY,RTE 255,"WEEDVILLE PA, 15868-2534",WEEDVILLE,PA,15868,(814) 834-9463,ELKMOUNTAINWINERY@GMAIL.COM,,9/29/2016 3:28:12 PM
BILLSBORO VINEYARDS AND WINERY LLC,4760 WEST LAKE RD,,"GENEVA NY, 14456",GENEVA,NY,14456,(315) 789-9538,kim@billsborowinery.com,www.billsborowinery.com,9/29/2016 3:28:12 PM
DYER STRAITS WINE CO LLC,1510 DIAMOND MOUNTAIN RD,,"CALISTOGA CA, 94515-9669",CALISTOGA,CA,94515,(707) 265-0233,beth@thewacco.com,www.thewacco.com,9/29/2016 3:28:12 PM
BILTMORE ESTATE WINE COMPANY,WINERY ROAD BILTMORE ESTATE,,"ASHEVILLE NC, 28803",ASHEVILLE,NC,28803,(828) 225-6766,cbarnett@biltmore.com,www.biltmore.com,9/29/2016 3:28:12 PM
STOLPMAN VINEYARDS LLC,1700 INDUSTRIAL WAY,,"BUELLTON CA, 93436",BUELLTON,CA,93436,(805) 686-8351,valallen@gmail.com,,9/29/2016 3:28:12 PM
PATRICIA GREEN CELLARS,15225  NE NORTH VALLEY RD,,"NEWBERG OR, 97132",NEWBERG,OR,97132,(503) 554-0821,pg@winecompliancespecialists.com,www.winecompliancespecialists.com,9/29/2016 3:28:12 PM
THE GAINEY VINEYARD,3950 EAST HWY 246,,"SANTA YNEZ CA, 93460",SANTA YNEZ,CA,93460,(805) 688-0558,juli@gaineyvineyard.com,www.gaineyvineyard.com,9/29/2016 3:28:12 PM
MATTHEW RORICK WINES INC,2787 INDIANA ST,,"NAPA CA, 94558",NAPA,CA,94558,(707) 258-5528,office@matthewrorick.com,www.matthewrorick.com,9/29/2016 3:28:12 PM
KEUKA SPRING VINEYARDS LLC,243 RT 54 EAST LAKE RD,,"PENN YAN NY, 14527-9434",PENN YAN,NY,14527,(315) 536-3147,uncork@keukaspringwinery.com,www.keukaspringwinery.com,9/29/2016 3:28:12 PM
CREW WINE COMPANY LLC,12300 COUNTY RD 92B,PO BOX 493,"ZAMORA CA, 95698-0493",ZAMORA,CA,95698,(530) 662-1032,lgiguiere@matchbookwines.com,www.matchbookwines.com,9/29/2016 3:28:12 PM
CARNEROS WINE COMPANY INC,1134 DEALY LN,,"NAPA CA, 94559-9706",NAPA,CA,94559,(707) 253-9464,ddrews@mahoneyvineyards.com,www.mahoneyvineyards.com,9/29/2016 3:28:12 PM
RUBIN WINES LLC,5220 ROSS RD,,"SEBASTOPOL CA, 95472-2158",SEBASTOPOL,CA,95472,(505) 977-1010,grapevinecompliance@q.com,www.q.com,9/29/2016 3:28:12 PM
CHAIM LLC,1102 6TH ST,,"BERKELEY CA, 94710",BERKELEY,CA,94710,(707) 528-8500,chaim@dhwinecompliance.com,,9/29/2016 3:28:12 PM
BRASSFIELD ESTATE WINERY LLC,10915 HIGH VALLEY RD,,"CLEARLAKE OAKS CA, 95423-8526",CLEARLAKE OAKS,CA,95423,(707) 528-8500,brassfield@dhwinecompliance.com,,9/29/2016 3:28:12 PM
QUPE WINE CELLARS LLC,4665 SANTA MARIA MESA RD,,"SANTA MARIA CA, 93454",SANTA MARIA,CA,93454,(805) 239-4502,TS_Qupe@compli-beverage.com,,9/29/2016 3:28:13 PM
TWOMEY CELLARS LLC,1183 DUNAWEAL LN,,"CALISTOGA CA, 94515",CALISTOGA,CA,94515,(707) 578-7807,paula@complianceservice.com,,9/29/2016 3:28:13 PM
DUNN VINEYARDS LLC,805 WHITE COTTAGE RD N,,"ANGWIN CA, 94508",ANGWIN,CA,94508,(707) 965-3642,dunnvineyards@sbcglobal.net,www.sbcglobal.net,9/29/2016 3:28:13 PM
CARLISLE WINERY AND VINEYARDS LLC,6301 STARR RD,,"WINDSOR CA, 95492",WINDSOR,CA,95492,(707) 431-7425,gloriafrench@comcast.net,,9/29/2016 3:28:13 PM
GROTH VINEYARDS AND WINERY LLC,750 OAKVILLE CROSS RD,,"OAKVILLE CA, 94562",OAKVILLE,CA,94562,(707) 944-0290,gnewman@grothwines.com,www.grothwines.com,9/29/2016 3:28:13 PM
ROMBAUER VINEYARDS,3522 SILVERADO TRAIL N,,"ST HELENA CA, 94574",ST HELENA,CA,94574,(707) 963-6609,nicolette@rombauer.com,www.rombauer.com,9/29/2016 3:28:13 PM
GLENORA WINE CELLARS INC,5435 STATE RT 14,,"DUNDEE NY, 14837-8804",DUNDEE,NY,14837,(607) 243-5511,,,9/29/2016 3:28:13 PM
LATITUDE BEVERAGE COMPANY,499 MOORE LANE,,"HEALDSBURG CA, 95448",HEALDSBURG,CA,95448,(707) 528-8500,latitude@dhwinecompliance.com,,9/29/2016 3:28:13 PM
ABREU VINEYARDS INC,1451C YOUNTVILLE CROSS RD,,"YOUNTVILLE CA, 94599",YOUNTVILLE,CA,94599,(510) 964-7901,dleon@cqaconsult.net,,9/29/2016 3:28:13 PM
MOUNTAIN PEAK VINEYARDS LLC,3730 N SILVERADO TRAIL,,"ST HELENA CA, 94574",ST HELENA,CA,94574,(707) 528-8500,mtnpeak@dhwinecompliance.com,,9/29/2016 3:28:13 PM
"HIWASSEE ACRES, LLC",251 PEACH TREE RD,,"ORRTANNA PA, 17353-9753",ORRTANNA,PA,17353,,KMB3552@AOL.COM,,9/29/2016 3:28:13 PM
REVANA FAMILY PARTNERS,12001 NE WORDEN HILL RD,,"NEWBERG OR, 97132",NEWBERG,OR,97132,(503) 318-9312,sampbooking@gmail.com,,9/29/2016 3:28:13 PM
A V V WINERY COMPANY LLC,8644 HIGHWAY 128,,"HEALDSBURG CA, 95448-9021",HEALDSBURG,CA,95448,(541) 535-7492,marypow@charter.net,,9/29/2016 3:28:13 PM
"ALLEGRO WINE COMPANY, LLC",3475 SECHRIST RD,,"BROGUE PA, 17309-9415",BROGUE,PA,17309,(717) 927-9148,INFO@ALLEGROWINES.COM,www.allegrowines.com,9/29/2016 3:28:13 PM
ALPHA & OMEGA WINERY LLC,1155 MEE LANE,,"RUTHERFORD CA, 94573",RUTHERFORD,CA,94573,(510) 964-7901,dleon@cqaconsult.net,,9/29/2016 3:28:13 PM
AMERICANA VINEYARDS & WINERY,4367 E COVERT RD,,"INTERLAKEN NY, 14847",INTERLAKEN,NY,14847,(607) 387-6801,wineinny@aol.com,,9/29/2016 3:28:13 PM
ANDERSON'S CONN VALLEY WINERY INC,680 ROSSI RD,,"ST HELENA CA, 94574",ST HELENA,CA,94574,(707) 578-7807,paula@complianceservice.com,,9/29/2016 3:28:13 PM
AWG LTD,4162 BIG RANCH RD,,"NAPA CA, 94558-1405",NAPA,CA,94558,(707) 287-3532,andretti6662@gmail.com,,9/29/2016 3:28:13 PM
ANOMALY VINEYARDS LLC,455  BELLA VISTA CRT,,"ST HELENA CA, 94574",ST HELENA,CA,94574,(707) 967-8448,karyn@wineindustrycompliance.com,,9/29/2016 3:28:13 PM
PINE RIDGE WINERY LLC,18599 NE ARCHERY SUMMIT RD,,"DAYTON OR, 97114",DAYTON,OR,97114,(707) 260-0922,jeanette.wemette@crimsonwinegroup.com,www.crimsonwinegroup.com,9/29/2016 3:28:13 PM
ARISTA WINES LLC,7015 WESTSIDE RD,,"HEALDSBURG CA, 95448-8326",HEALDSBURG,CA,95448,(707) 473-0606,frances@aristawinery.com,www.aristawinery.com,9/29/2016 3:28:13 PM
ARMSTRONG VALLEY VINEYARD & WINERY,212 RUTTER RD,,"HALIFAX PA, 17032-9441",HALIFAX,PA,17032,(954) 290-1399,INFO@ARMSTRONGVALLEYWINERY.COM,www.armstrongvalleywinery.com,9/29/2016 3:28:13 PM
JACKSON FAMILY WINES INC,14347 SONOMA HWY,,"GLEN ELLEN CA, 95442",GLEN ELLEN,CA,95442,(707) 547-4798,Dezerlee.Reeves@jfwmail.com,,9/29/2016 3:28:13 PM
CODORNIU NAPA INC,1345 HENRY RD,,"NAPA CA, 94559",NAPA,CA,94559,(707) 578-7807,paula@complianceservice.com,,9/29/2016 3:28:13 PM
ATWATER ESTATE VINEYARDS LLC,5055 RTE 414,,"BURDETT NY, 14818",BURDETT,NY,14818,(607) 546-8463,denise@atwatervineyards.com,www.atwatervineyards.com,9/29/2016 3:28:13 PM
AUBERT WINEGROWING INCORPORATED,333 SILVERADO TRAIL,,"CALISTOGA CA, 94515",CALISTOGA,CA,94515,(510) 964-7901,dleon@cqaconsult.net,,9/29/2016 3:28:13 PM
AUTEUR WINES LLC,373 1ST ST W,,"SONOMA CA, 95476-5630",SONOMA,CA,95476,,LAURA@AUTEURWINES.COM,www.auteurwines.com,9/29/2016 3:28:13 PM
26 BRIX LLC,701 OAKVILLE CROSS RD,,"OAKVILLE CA, 94562",OAKVILLE,CA,94562,,coastalcompliance@comcast.net,,9/29/2016 3:28:13 PM
ARCHANGEL INVESTMENTS LLC,6236 SILVERADO TRAIL,,"NAPA CA, 94558",NAPA,CA,94558,(707) 944-9261,compliance@baldaccivineyards.com,www.baldaccivineyards.com,9/29/2016 3:28:13 PM
BARNETT VINEYARDS LP,4070  SPRING MOUNTAIN  RD,,"ST HELENA CA, 94574",ST HELENA,CA,94574,(707) 963-7075,mfisher@barnettvineyards.com,www.barnettvineyards.com,9/29/2016 3:28:13 PM
BECKER FARMS INC,464 BECKER FARMS RD,,"STONEWALL TX, 78671",STONEWALL,TX,78671,(830) 644-2681,wineclub@beckerwines.com,www.beckerwines.com,9/29/2016 3:28:13 PM
THOMAS BECKMEN,2670 ONTIVEROS RD,P O BOX 542,"LOS OLIVOS CA, 93441",LOS OLIVOS,CA,93441,(607) 546-8463,DENISE@ATWATERVINEYARDS.COM,www.atwatervineyards.com,9/29/2016 3:28:13 PM
BEE KIND WINERY LLC,14325 CLEARFIELD SHAWVILLE HIGHWAY,,"CLEARFIELD, PA, 16830",CLEARFI,LD,"PA, 16830",(814) 762-8210,INFO@BEEKINDWINERY.COM,www.beekindwinery.com,9/29/2016 3:28:13 PM
FN CELLARS LLC,1315 BELLA OAKS LANE,,"NAPA CA, 94558",NAPA,CA,94558,(707) 967-9600,ssmith@fn-mail.com,,9/29/2016 3:28:13 PM
ADAMS WINERY LLC,9711 W DRY CREEK RD,,"HEALDSBURG CA, 95448",HEALDSBURG,CA,95448,(508) 648-2505,coastalcompliance@comcast.net,,9/29/2016 3:28:13 PM
BENNETT LANE WINERY LLC,3340 Hwy 128,,"Calistoga CA, 94515-9727",Calistoga,CA,94515,(707) 942-6684,compliance@bennettlane.com,www.bennettlane.com,9/29/2016 3:28:13 PM
BENOVIA WINERY LLC,3339 HARTMAN LANE,,"SANTA ROSA CA, 95401",SANTA ROSA,CA,95401,(510) 964-7901,dleon@cqaconsult.net,,9/29/2016 3:28:13 PM
BERGSTROM WINES LLC,18215 NE CALKINS LANE,,"NEWBERG OR, 97132",NEWBERG,OR,97132,(503) 554-0463,bergstrom@winecompliancespecialists.com,www.winecompliancespecialists.com,9/29/2016 3:28:13 PM
BERNARDUS LLC,5 W CARMEL VALLEY RD,,"CARMEL VALLEY CA, 93924",CARMEL VALLEY,CA,93924,,bernardus@compli-beverage.com,,9/29/2016 3:28:13 PM
"BLAIR VINEYARDS, LLC",99 DIETRICH VALLEY RD,,"KUTZTOWN PA, 19530-9173",KUTZTOWN,PA,19530,(610) 683-8463,MBLAIR@BLAIRVINEYARDS.COM,www.blairvineyards.com,9/29/2016 3:28:13 PM
BLANKIET ESTATE LLC,2358  CALIFORNIA DR,,"YOUNTVILLE CA, 94599",YOUNTVILLE,CA,94599,(707) 963-2001,Julie@Blankiet.com,www.blankiet.com,9/29/2016 3:28:13 PM
BAW INC,35 & 70 INDUSTRIAL WAY,,"BUELLTON CA, 93427",BUELLTON,CA,93427,(917) 605-0466,alexandra.guevara@blueapron.com,www.blueapron.com,9/29/2016 3:28:13 PM
BLUE MOUNTAIN VINEYARDS & CELLARS LTD,7627 GRAPE VINE DR,PO BOX 492,"NEW TRIPOLI PA, 18066-0492",NEW TRIPOLI,PA,18066,(610) 298-3068,BMVSALES@BMVC.COM,www.bmvc.com,9/29/2016 3:28:13 PM
BOYDS CARDINAL HOLLOW WINERY CORP,1830 WEST POINT PK HWY,,"LANSDALE PA, 19446",LANSDALE,PA,19446,(215) 661-9580,cardinalwinery@aol.com,,9/29/2016 3:28:13 PM
VINTAGE WINE ESTATES INC,15000 SONOMA HWY,,"GLEN ELLEN CA, 95442",GLEN ELLEN,CA,95442,(707) 265-6331,lyz@vintnersaccounting.com,www.vintnersaccounting.com,9/29/2016 3:28:13 PM
BRESSLER VINEYARDS LLC,5055 SOLANO AVE,,"NAPA CA, 94558-1326",NAPA,CA,94558,(866) 661-4190,karyn@wineindustrycompliance.com,,9/29/2016 3:28:13 PM
BRIAR VALLEY VINEYARDS AND WINERY INC,107 E PITT ST,PO BOX 514,"BEDFORD PA, 15522",BEDFORD,PA,15522,(814) 623-0900,BRIARVALLEY@EMBARQMAIL.COM,,9/29/2016 3:28:13 PM
THE MORNE WINE COMPANY,21101 SE CHERRY BLOSSOM LN,,"AMITY OR, 97101-2403",AMITY,OR,97101,(805) 239-4502,Brooks.Wines@Compli-Beverage.com,,9/29/2016 3:28:13 PM
BRUTOCAO CELLARS LP,1400 HIGHWAY 175,,"HOPLAND  CA, 95449-9754","HOPLAND ",CA,95449,(707) 528-8500,BRUTOCAO@DHWINECOMPLIANCE.COM,,9/29/2016 3:28:13 PM
WILLIAM WARNER,111 BARNETT DR,,"DUNCANNON PA, 17020-9022",DUNCANNON,PA,17020,(717) 834-5606,CONTACTUS@BUDDYBOYWINERY.COM,www.buddyboywinery.com,9/29/2016 3:28:13 PM
BULLY HILL VINEYARDS INC,PO Box 458,,"HAMMONDSPORT NY, 14840",HAMMONDSPORT,NY,14840,(607) 868-3610,mainoffice@bullyhill.com,www.bullyhill.com,9/29/2016 3:28:13 PM
ROBIN'S VINES LLC,5986 STATE ROUTE 89,,"ROMULUS NY, 14541",ROMULUS,NY,14541,(607) 869-9760,marcia@buttonwoodgrove.com,www.buttonwoodgrove.com,9/29/2016 3:28:13 PM
JACKSON FAMILY WINES INC,5250 TEPUSQUET CANYON RD,,"SANTA MARIA CA, 93454",SANTA MARIA,CA,93454,(707) 547-4798,Dezerlee.Reeves@jfwmail.com,,9/29/2016 3:28:13 PM
CAIN CELLARS INC,3800 LANGTRY RD,,"ST HELENA CA, 94574",ST HELENA,CA,94574,(707) 252-4725,jw1@winecompliance.com,,9/29/2016 3:28:13 PM
JACKSON FAMILY WINES INC,5475 CHARDONNAY LANE,,"SANTA MARIA CA, 93454",SANTA MARIA,CA,93454,(707) 547-4798,Dezerlee.Reeves@jfwmail.com,,9/29/2016 3:28:13 PM
CLARA STREET COMPANY,5055 SOLANO AVE,,"NAPA CA, 94558-1326",NAPA,CA,94558,(510) 964-7901,dleon@cqaconsult.net,,9/29/2016 3:28:13 PM
CARACCIOLI CELLARS INC,18181 CACHAGUA RD,,"CARMEL VALLEY CA, 93924-9313",CARMEL VALLEY,CA,93924,(510) 964-7901,dleon@cqaconsult.net,,9/29/2016 3:28:13 PM
JACKSON FAMILY WINES INC,7600 ST HELENA HWY,,"OAKVILLE CA, 94562",OAKVILLE,CA,94562,(707) 547-4798,Dezerlee.Reeves@jfwmail.com,,9/29/2016 3:28:13 PM
FIVE VINES LLC,2075 SUMMIT LAKE DR,,"ANGWIN CA, 94508",ANGWIN,CA,94508,(866) 661-4190,tami.ferrero@wineindustrycompliance.com,,9/29/2016 3:28:13 PM
GENESEO PARTNERS LP,7350 LINNE RD,,"PASO ROBLES CA, 93446",PASO ROBLES,CA,93446,(805) 239-1730,info@casswines.com,www.casswines.com,9/29/2016 3:28:13 PM
CAYMUS VINEYARDS INC,PO BOX 3617,,"PASO ROBLES CA, 93447-3617",PASO ROBLES,CA,93447,(805) 239-4502,Caymus@compli-beverage.com,,9/29/2016 3:28:13 PM
CAYUSE WINERY LLC,53863 HWY-332 / SUNNYSIDE RD,,"MILTON-FREEWATER OR, 97862",MILTON-FREEWATER,OR,97862,(509) 526-0686,INFO@CAYUSEVINEYARDS.COM,www.cayusevineyards.com,9/29/2016 3:28:13 PM
"FOLEY FAMILY WINES, INC.",10300 CHALK HILL RD,,"HEALDSBURG CA, 95448",HEALDSBURG,CA,95448,(707) 708-7641,compliance@foleyfamilywines.com,www.foleyfamilywines.com,9/29/2016 3:28:13 PM
"FOLEY FAMILY WINES, INC.",32020 STONEWALL CANYON RD,,"SOLEDAD CA, 93960",SOLEDAD,CA,93960,(707) 708-7641,compliance@foleyfamilywines.com,www.foleyfamilywines.com,9/29/2016 3:28:13 PM
CHAPPELLET WINERY INC,1581 SAGE CANYON  RD,,"ST HELENA CA, 94574",ST HELENA,CA,94574,(510) 964-7901,dleon@cqaconsult.net,,9/29/2016 3:28:13 PM
SULPHUR SPRINGS WINERY LLC,2252 SULPHUR SPRINGS AVE,,"ST HELENA CA, 94574-2412",ST HELENA,CA,94574,(707) 265-0233,BETH@THEWACCO.COM,www.thewacco.com,9/29/2016 3:28:13 PM
RTB MANAGEMENT,3468 SILVERADO TRAIL,,"ST HELENA CA, 94574",ST HELENA,CA,94574,(510) 964-7901,dleon@cqaconsult.net,,9/29/2016 3:28:13 PM
STANDING JOURNEY LLC,1429 TUBBS LANE,,"CALISTOGA CA, 94515-9726",CALISTOGA,CA,94515,(800) 400-1353,chateaumontelena@csa-compliance.com,,9/29/2016 3:28:13 PM
CHATEAU MORRISETTE INC,287 WINERY RD,,"FLOYD VA, 24091",FLOYD,VA,24091,(540) 593-2865,jackiek@thedogs.com,www.thedogs.com,9/29/2016 3:28:13 PM
CHATEAU POTELLE LLC,1721 PATRICK RD,,"NAPA CA, 94558",NAPA,CA,94558,(707) 291-8828,Tammie@chateaupotelle.com,www.chateaupotelle.com,9/29/2016 3:28:13 PM
"SORRENTI ORCHARDS, INC.",130 LOWER CHERRY VALLEY RD,,"SAYLORSBURG PA, 18353-8325",SAYLORSBURG,PA,18353,(570) 992-2255,CVWINE@EPIX.NET,,9/29/2016 3:28:13 PM
CHIARELLO FAMILY VINEYARDS LLC,2075 SUMMIT LAKE DR,,"ANGWIN CA, 94508",ANGWIN,CA,94508,(866) 661-4190,brenda@wineindustrycompliance.com,,9/29/2016 3:28:13 PM
DOMAINE M. B. LLC,6751 LAGUNA PKY,,"SEBASTOPOL CA, 95472-3445",SEBASTOPOL,CA,95472,(805) 239-4502,domaine.m.b@compli-beverage.com,,9/29/2016 3:28:13 PM
CLIF BAR FAMILY WINERY & FARM LLC,3130 OLD LAWLEY TOLL RD,,"CALISTOGA CA, 94515-9728",CALISTOGA,CA,94515,(866) 661-4190,karyn@wineindustrycompliance.com,,9/29/2016 3:28:13 PM
TWIN PEAKS WINERY INC,1473 YOUNTVILLE CROSS RD,,"YOUNTVILLE CA, 94599-9471",YOUNTVILLE,CA,94599,(707) 944-8642,compliance@ledefamilywines.com,www.ledefamilywines.com,9/29/2016 3:28:13 PM
,1000 FERN HOLLOW RD,,"LA HONDA CA, 94020",LA HONDA,CA,94020,(508) 648-2505,coastalcompliance@comcast.net,,9/29/2016 3:28:13 PM
CLOS DU VAL WINE COMPANY LTD,5330 SILVERADO  TRAIL,,"NAPA CA, 94558",NAPA,CA,94558,(510) 964-7901,dleon@cqaconsult.net,,9/29/2016 3:28:13 PM
CLOS LACHANCE WINES LLC,13800 HUMMINGBIRD LN,,"SAN MARTIN CA, 95046-9482",SAN MARTIN,CA,95046,(707) 284-2828,LICENSING@COMPLIANCE-CONNECT.COM,,9/29/2016 3:28:13 PM
VINTAGE WINE ESTATES INC,1060 DUNAWEAL LANE,,"CALISTOGA CA, 94515",CALISTOGA,CA,94515,(707) 265-6331,lyz@vintnersaccounting.com,www.vintnersaccounting.com,9/29/2016 3:28:13 PM
"CLOVER HILL ENTERPRISES, INC.",9850 NEWTOWN RD,,"BREINIGSVILLE PA, 18031-1808",BREINIGSVILLE,PA,18031,(610) 395-2468,PAT@CLOVERHILLWINERY.COM,www.cloverhillwinery.com,9/29/2016 3:28:13 PM
"COL SOLARE, LLP",50207 ANTINORI RD,,"BENTON CITY WA, 99320",BENTON CITY,WA,99320,(425) 415-3733,compliance@smwe.com,www.smwe.com,9/29/2016 3:28:13 PM
STE MICHELLE WINE ESTATES LTD,RT 221 1 MILE N OF PATERSON,,"PATERSON WA, 99345",PATERSON,WA,99345,,compliance@smwe.com,www.smwe.com,9/29/2016 3:28:13 PM
STE MICHELLE WINE ESTATES LTD,8711 SILVERADO TRAIL,,"SAINT HELENA CA, 94574",SAINT HELENA,CA,94574,(425) 415-3733,compliance@smwe.com,www.smwe.com,9/29/2016 3:28:13 PM
"CONNEAUT CELLARS, INC.",12005 CONNEAUT RD,PO BOX 5075,"CONNEAUT LAKE PA, 16316-5075",CONNEAUT LAKE,PA,16316,(814) 382-3999,INFO@CONNEAUTCELLARS.COM,www.conneautcellars.com,9/29/2016 3:28:13 PM
TMR WINE COMPANY LLC,1683 SAGE CANYON RD,,"SAINT HELENA CA, 94574-9809",SAINT HELENA,CA,94574,(866) 661-4190,karyn@wineindustrycompliance.com,,9/29/2016 3:28:13 PM
CONUNDRUM WINERY LLC,1290 RIVER RD,,"SALINAS CA, 93908",SALINAS,CA,93908,,Conundrum@compli-beverage.com,,9/29/2016 3:28:13 PM
COOL HAND VINEYARDS LLC,63 THOMAS RD,,"BUELLTON CA, 93427-9657",BUELLTON,CA,93427,(866) 661-4190,melissa@wineindustrycompliance.com,,9/29/2016 3:28:13 PM
COOPER VINEYARDS LLC,13372 SHANNON HILL RD,,"LOUISA VA, 23093-3929",LOUISA,VA,23093,(540) 894-5474,dmdrillock@aol.com,,9/29/2016 3:28:13 PM
COOPER WINE COMPANY LLC,35306 N SUNSET RD,,"BENTON CITY WA, 99320-7505",BENTON CITY,WA,99320,(509) 588-2667,dru.cwc@gmail.com,,9/29/2016 3:28:13 PM
COR CELLARS LLC,151 OLD HIGHWAY 8,,"LYLE WA, 98635-9323",LYLE,WA,98635,(503) 318-9312,sampbooking@gmail.com,,9/29/2016 3:28:13 PM
WASHINGTON VINTNERS LLC,511 N 2ND AV,,"WALLA WALLA WA, 99362-1810",WALLA WALLA,WA,99362,(509) 876-2461,lindsey@wcsofww.com,www.wcsofww.com,9/29/2016 3:28:14 PM
CORNERSTONE CELLARS LLC,5055 SOLANO AVE,,"NAPA CA, 94558-1326",NAPA,CA,94558,(707) 528-8500,cornerstone@dhwinecompliance.com,,9/29/2016 3:28:14 PM
VINTAGE WINE ESTATES INC,7415 ST HELENA HWY,,"YOUNTVILLE CA, 94599",YOUNTVILLE,CA,94599,(707) 265-6331,lyz@vintnersaccounting.com,www.vintnersaccounting.com,9/29/2016 3:28:14 PM
SALVATORE CULLARI KATHRYN CULLARI,2167 SAND HILL RD,,"HERSHEY PA, 17033-2660",HERSHEY,PA,17033,(717) 533-7131,SCULLARI@SPRYNET.COM,www.sprynet.com,9/29/2016 3:28:14 PM
CUVAISON INC,1221 DUHIG RD,,"NAPA CA, 94559",NAPA,CA,94559,(707) 942-2450,melody@cuvaison.com,www.cuvaison.com,9/29/2016 3:28:14 PM
DAILY CELLARS LLC,4550 SILVERADO TRAIL,,"CALISTOGA CA, 94515",CALISTOGA,CA,94515,(707) 252-4725,jw1@winecompliance.com,,9/29/2016 3:28:14 PM
DAMIANI WINE CELLARS LLC,4704 RTE 414,,"BURDETT NY, 14818",BURDETT,NY,14818,(607) 227-9587,glenn@damianiwinecellars.com,www.damianiwinecellars.com,9/29/2016 3:28:14 PM
DANA ESTATES INC,1895 CABERNET  LANE,,"ST HELENA CA, 94574",ST HELENA,CA,94574,(866) 661-4190,karyn@wineindustrycompliance.com,,9/29/2016 3:28:14 PM
DASHE WINE CELLARS LLC,55 4TH  ST,,"OAKLAND CA, 94607",OAKLAND,CA,94607,(510) 452-1800,monica@dashecellars.com,www.dashecellars.com,9/29/2016 3:28:14 PM
DAVERO SONOMA INC,766 WESTSIDE RD,,"HEALDSBURG CA, 95448",HEALDSBURG,CA,95448,(707) 431-8000,bookkeeping@davero.com,www.davero.com,9/29/2016 3:28:14 PM
"DELILLE CELLARS, LLC",14208 WOODINVILLE-REDMOND RD NE,,"REDMOND WA, 98052",REDMOND,WA,98052,(425) 489-0544,sharon@delillecellars.com,www.delillecellars.com,9/29/2016 3:28:14 PM
INVESTORS OF AMERICA LP,2121 ALISOS RD,,"SANTA YNEZ CA, 93460",SANTA YNEZ,CA,93460,(805) 697-7299,kathy@beveragewise.com,www.beveragewise.com,9/29/2016 3:28:14 PM
DOMAINE CARNEROS LTD,1240 DUHIG RD,,"NAPA CA, 94559",NAPA,CA,94559,(707) 266-5133,jdrake@domainecarneros.com,www.domainecarneros.com,9/29/2016 3:28:14 PM
DRINKS LICENSING LLC,9119 GRATON  RD,,"GRATON CA, 95444",GRATON,CA,95444,,wine.insider@compli-beverage.com,,9/29/2016 3:28:14 PM
DUCKHORN WINE COMPANY,1000 LODI LN,,"ST HELENA CA, 94574-9713",ST HELENA,CA,94574,(707) 963-7108,,,9/29/2016 3:28:14 PM
D & J F CELLARS,23145 HWY 99W,,"DUNDEE OR, 97115",DUNDEE,OR,97115,(503) 538-3199,lisaj@duckpondcellars.com,www.duckpondcellars.com,9/29/2016 3:28:14 PM
DUPLIN WINE CELLARS INC,505 N SYCAMORE ST,PO BOX 756,"ROSE HILL NC, 28458-0756",ROSE HILL,NC,28458,(910) 289-3888,INFO@DUPLINWINERY.COM,www.duplinwinery.com,9/29/2016 3:28:14 PM
SEBASTOPOL VINEYARDS & WINERY CORP.,8757 GREEN VALLEY RD,,"SEBASTOPOL CA, 95472-2259",SEBASTOPOL,CA,95472,,LICENSING@COMPLIANCE-CONNECT.COM,,9/29/2016 3:28:14 PM
MADISON COUNTY WINES LLC,6109 WOLFTOWN HOOD RD,,"MADISON VA, 22727",MADISON,VA,22727,(202) 527-0161,doneva@earlymountain.com,www.earlymountain.com,9/29/2016 3:28:14 PM
EBERLE WINERY LTD,3810 HWY 46 EAST,,"PASO ROBLES CA, 93446",PASO ROBLES,CA,93446,(805) 238-9607,trevor@eberlewinery.com,www.eberlewinery.com,9/29/2016 3:28:14 PM
EHREN JORDAN WINE CELLARS LLC,3530 SILVERADO TRAIL,,"SAINT HELENA CA, 94574-9663",SAINT HELENA,CA,94574,(866) 661-4190,karyn@wineindustrycompliance.com,,9/29/2016 3:28:14 PM
HEMISPHERE WINE COMPANY INC,5055 SOLANO AVE,,"NAPA CA, 94558-1326",NAPA,CA,94558,(510) 964-7901,dleon@cqaconsult.net,,9/29/2016 3:28:14 PM
FN CELLARS LLC,2064 HWY 116 N,,"SEBASTOPOL CA, 95472",SEBASTOPOL,CA,95472,(707) 967-9600,ssmith@fn-mail.com,,9/29/2016 3:28:14 PM
"FOLEY FAMILY WINES, INC.",2300 AIRPORT RD,,"PASO ROBLES CA, 93446-8549",PASO ROBLES,CA,93446,(707) 708-7641,compliance@foleyfamilywines.com,www.foleyfamilywines.com,9/29/2016 3:28:14 PM
ARMSTRONG VINEYARDS INC,7575 YORK MOUNTAIN RD,,"TEMPLETON CA, 93465",TEMPLETON,CA,93465,(800) 400-1353,reporting@csa-compliance.com,,9/29/2016 3:28:14 PM
STE MICHELLE WINE ESTATES LTD,9409 NE WORDEN HILL RD,,"DUNDEE OR, 97115",DUNDEE,OR,97115,(425) 415-3733,compliance@smwe.com,www.smwe.com,9/29/2016 3:28:14 PM
PREMIUM VINTNERS LLC,2554 VIA RANCHEROS,,"FALLBROOK CA, 82028-8264",FALLBROOK,CA,82028,(760) 728-8787,rwood@fallbrookwinery.com,www.fallbrookwinery.com,9/29/2016 3:28:14 PM
FN CELLARS LLC,1350 ACACIA DR,,"OAKVILLE CA, 94562",OAKVILLE,CA,94562,(707) 967-9600,ssmith@fn-mail.com,,9/29/2016 3:28:14 PM
FAVIA ERICKSON WINEGROWERS LLC,230 N CRYSTAL SPRINGS RD,,"SAINT HELENA CA, 94574-9664",SAINT HELENA,CA,94574,(866) 664-4190,brenda@wineindustrycompliance.com,,9/29/2016 3:28:14 PM
PARKER STATION INC,6200 FOXEN CANYON RD,,"LOS OLIVOS CA, 93441",LOS OLIVOS,CA,93441,(805) 688-1545,debra@fessparker.com,www.fessparker.com,9/29/2016 3:28:14 PM
NPLAINVUE LLC,1650 HARRIS CREEK RD,,"CHARLOTTESVILLE VA, 22902-7820",CHARLOTTESVILLE,VA,22902,(434) 979-7105,andrew@firstcolonywinery.com,www.firstcolonywinery.com,9/29/2016 3:28:14 PM
FLICKERWOOD WINE CELLARS INC,309 FLICKERWOOD RD,,"KANE PA, 16735-3915",KANE,PA,16735,(814) 837-7566,INFO@FLICKERWOOD.COM,www.flickerwood.com,9/29/2016 3:28:14 PM
FLOWERS VINEYARD AND WINERY LLC,28500 SEAVIEW RD,,"CAZADERO CA, 95421-9767",CAZADERO,CA,95421,(707) 284-2828,INFO@FLOWERSWINERY.COM,www.flowerswinery.com,9/29/2016 3:28:14 PM
MOUNTAIN VALLEY VINEYARDS INC,875 RIVER RD,,"FULTON CA, 95439",FULTON,CA,95439,(707) 326-9699,brent@foglinevineyards.com,www.foglinevineyards.com,9/29/2016 3:28:14 PM
FOLEY ESTATES VINEYARD & WINERY LLC,6121 E HWY 246,,"LOMPOC CA, 93436",LOMPOC,CA,93436,(707) 708-7641,compliance@foleyfamilywines.com,www.foleyfamilywines.com,9/29/2016 3:28:14 PM
"FOLEY FAMILY WINES, INC.",8350 ST. HELENA HWY,,"RUTHERFORD CA, 94573",RUTHERFORD,CA,94573,(707) 708-7641,compliance@foleyfamilywines.com,www.foleyfamilywines.com,9/29/2016 3:28:14 PM
FONTANELLA WINES LLC,1721 PATRICK RD,,"NAPA CA, 94558",NAPA,CA,94558,(510) 964-7901,dleon@cqaconsult.net,,9/29/2016 3:28:14 PM
FOX RUN VINEYARDS INC,670 RTE 14,,"PENN YAN NY, 14527-9622",PENN YAN,NY,14527,(315) 536-4616,scott.osborn@foxrunvineyards.com,www.foxrunvineyards.com,9/29/2016 3:28:14 PM
FRANKLIN HILL VINEYARDS INC,7833 FRANKLIN HILL RD,,"BANGOR PA, 18013-4039",BANGOR,PA,18013,,FRANKLINHILL@ENTER.NET,www.enter.net,9/29/2016 3:28:14 PM
JACKSON FAMILY WINES INC,3022 ST HELENA HWY N,,"ST HELENA CA, 94574",ST HELENA,CA,94574,(707) 547-4798,Dezerlee.Reeves@jfwmail.com,,9/29/2016 3:28:14 PM
FRITZ CELLARS INC,24691 DUTCHER CREEK RD,,"CLOVERDALE CA, 95425",CLOVERDALE,CA,95425,(707) 894-4687,cfritz@fritzwinery.com,www.fritzwinery.com,9/29/2016 3:28:14 PM
GANDONA INC,1533 SAGE CANYON RD,,"SAINT HELENA CA, 94574-9628",SAINT HELENA,CA,94574,(707) 967-5550,compliance@gandona.com,www.gandona.com,9/29/2016 3:28:14 PM
GF WINES LLC,10701 WESTSIDE RD,,"HEALDSBURG CA, 95448-8355",HEALDSBURG,CA,95448,,Gary.Farrell.Winery@compli-beverage.com,,9/29/2016 3:28:14 PM
GEMSTONE VINEYARDS LLC,2929 ST HELENA HWY,,"ST HELENA CA, 94574",ST HELENA,CA,94574,(866) 661-4190,melissa@wineindustrycompliance.com,,9/29/2016 3:28:14 PM
GENERATIONS OF SONOMA LLC,21481 8TH ST E,,"SONOMA CA, 95476",SONOMA,CA,95476,(707) 528-8500,generations@dhwinecompliance.com,,9/29/2016 3:28:14 PM
JOHN NICOLOZAKES,62920 GEORGETOWN RD,,"CAMBRIDGE OH, 43725-9749",CAMBRIDGE,OH,43725,(740) 435-3222,info@georgetownvineyards.com,www.georgetownvineyards.com,9/29/2016 3:28:14 PM
GERVASI 1700 LLC,1700 55TH ST NE,,"CANTON OH, 44721-3401",CANTON,OH,44721,(330) 433-2935,jeff@gervasivineyard.com,www.gervasivineyard.com,9/29/2016 3:28:14 PM
GIFT SERVICES INC,8801 WALL ST,,"AUSTIN TX, 78754",AUSTIN,TX,78754,,craig@gifttree.com,www.gifttree.com,9/29/2016 3:28:14 PM
W J DEUTSCH & SONS LTD,21684 8TH ST E STE 300,,"SONOMA CA, 95476-1817",SONOMA,CA,95476,(204) 965-4119,diane.delaney@deutschfamily.com,www.deutschfamily.com,9/29/2016 3:28:14 PM
"GLADES PIKE WINERY, INC.",2208 GLADES PK,,"SOMERSET PA, 15501-8516",SOMERSET,PA,15501,(814) 445-4630,LIZ@GLADESPIKEWINERY.COM,www.gladespikewinery.com,9/29/2016 3:28:14 PM
JACKSON FAMILY WINES INC,19090 NE WOODLAND LOOP RD,,"YAMHILL OR, 97148",YAMHILL,OR,97148,(707) 547-4798,Dezerlee.Reeves@jfwmail.com,,9/29/2016 3:28:14 PM
HALL WINES LLC,401 ST HELENA HWY S,,"ST HELENA CA, 94574",ST HELENA,CA,94574,(510) 964-7901,dleon@cqaconsult.net,,9/29/2016 3:28:14 PM
HAMEL FAMILY WINES LLC,15401 AND 15409 SONOMA HWY,,"SONOMA CA, 95476",SONOMA,CA,95476,(707) 284-2828,licensing@compliance-connect.com,,9/29/2016 3:28:14 PM
HANNA WINERY INC,9280 HIGHWAY 128,,"HEALDSBURG CA, 95448",HEALDSBURG,CA,95448,(707) 431-4310,YvonneLozinto@hannawinery.com,www.hannawinery.com,9/29/2016 3:28:14 PM
GMIC VINEYARDS LLC,18596 LOMITA AV,,"SONOMA CA, 95476-4619",SONOMA,CA,95476,(707) 996-3860,lauren@hanzell.com,www.hanzell.com,9/29/2016 3:28:14 PM
HARLAN ESTATE WINERY INC,1551 OAKVILLE GRADE,,"OAKVILLE CA, 94562",OAKVILLE,CA,94562,(707) 578-7807,paula@complianceservice.com,,9/29/2016 3:28:14 PM
HARTFORD-JACKSON LLC,8075 MARTINELLI RD,,"FORESTVILLE CA, 95436",FORESTVILLE,CA,95436,(707) 547-4798,Dezerlee.Reeves@jfwmail.com,,9/29/2016 3:28:14 PM
MICHAEL DESANTIS & SCOTTI STARK,4660 SILVERADO TRAIL,,"CALISTOGA CA, 94515",CALISTOGA,CA,94515,(707) 287-3532,harumphtx@gmail.com,,9/29/2016 3:28:14 PM
HAWSTONE HOLLOW WINERY INC,11 HAWSTONE RD,,"LEWISTOWN PA, 17044-7812",LEWISTOWN,PA,17044,(717) 242-6392,JOHNSON77@VERIZON.NET,,9/29/2016 3:28:14 PM
HERON HILL VINEYARDS,9301 COUNTY RTE 76,,"HAMMONDSPORT NY, 14840-9685",HAMMONDSPORT,NY,14840,(607) 868-4241,,,9/29/2016 3:28:14 PM
HILL ESTATES INC,5055 SOLANO AVE,,"NAPA CA, 94558-1326",NAPA,CA,94558,(510) 964-7901,dleon@cqaconsult.net,,9/29/2016 3:28:14 PM
HIRSCH WINERY LLC,45075  BOHAN DILLON RD,,"CAZADERO CA, 95421",CAZADERO,CA,95421,(508) 648-2505,coastalcompliance@comcast.net,,9/29/2016 3:28:14 PM
HONIG VINEYARD & WINERY LLC,850 RUTHERFORD RD,,"RUTHERFORD CA, 94573",RUTHERFORD,CA,94573,(707) 963-5618,carol@honigwine.com,www.honigwine.com,9/29/2016 3:28:14 PM
C AND C WINE SERVICES INC,2134 OLIVET RD,,"SANTA ROSA CA, 95401-3819",SANTA ROSA,CA,95401,(707) 546-5712,christine@hookandladderwinery.com,www.hookandladderwinery.com,9/29/2016 3:28:14 PM
NIEBAUM-COPPOLA ESTATE WINERY LP,1460  NIEBAUM LANE,,"RUTHERFORD CA, 94573",RUTHERFORD,CA,94573,(510) 964-7901,dleon@cqaconsult.net,,9/29/2016 3:28:14 PM
IRON HORSE VINEYARDS LP,9786 ROSS STATION RD,,"SEBASTOPOL CA, 95472-2137",SEBASTOPOL,CA,95472,(707) 887-1507,brent@ironhorsevineyards.com,www.ironhorsevineyards.com,9/29/2016 3:28:14 PM
ISENHOWER CELLARS LLC,3471 PRANGER RD,,"WALLA WALLA WA, 99362-7307",WALLA WALLA,WA,99362,(509) 526-7896,INFO@ISENHOWERCELLARS.COM,www.isenhowercellars.com,9/29/2016 3:28:14 PM
JACUZZI FAMILY VINEYARDS LLC,24724 ARNOLD DR,,"SONOMA CA, 95476",SONOMA,CA,95476,(707) 284-2828,licensing@compliance-connect.com,,9/29/2016 3:28:14 PM
JACK JOHN INVESTMENTS INC,5620 VINEYARD DR,,"PASO ROBLES CA, 93446-9685",PASO ROBLES,CA,93446,(805) 226-4200,Josh@jadavineyard.com,www.jadavineyard.com,9/29/2016 3:28:14 PM
JAM CELLARS INC,4202 STAGE GULCH RD,,"SONOMA CA, 95476-9739",SONOMA,CA,95476,(510) 964-7901,dleon@cqaconsult.net,,9/29/2016 3:28:14 PM
THE HARDER GROUP,5014 SILVERADO TRAIL,,"NAPA CA, 94558",NAPA,CA,94558,(805) 239-4502,the.harder.group@compli-beverage.com,,9/29/2016 3:28:14 PM
JRV LLC,1 KIRKLAND RANCH RD,,"AMERICAN CANYON CA, 94503",AMERICAN CANYON,CA,94503,(707) 284-2828,licensing@compliance-connect.com,,9/29/2016 3:28:14 PM
JESSUP CELLARS HOLDING COMPANY LLC,25 ENTERPRISE WAY,UNITS 4 - 8,"NAPA CA, 94558",NAPA,CA,94558,(707) 326-1378,compliance@tglwc.com,www.tglwc.com,9/29/2016 3:28:14 PM
JOHN ANTHONY VINEYARDS LLC,25 ENTERPRISE CRT,,"NAPA CA, 94558",NAPA,CA,94558,(510) 964-7901,dleon@cqaconsult.net,,9/29/2016 3:28:14 PM
EDWARDS WINES LLC,74 CHESTER MAINE RD,,"NORTH STONINGTON CT, 06359-1303",NORTH STONINGTON,CT,06359,(860) 535-0202,susans@jedwardswinery.com,www.jedwardswinery.com,9/29/2016 3:28:14 PM
J CELLARS INVESTMENTS LLC,4455 ST HELENA HWY,,"CALISTOGA CA, 94515-9633",CALISTOGA,CA,94515,(707) 287-3532,canardvyds@gmail.com,,9/29/2016 3:28:14 PM
JOSEPH PHELPS VINEYARDS LLC,200 TAPLIN RD,,"ST HELENA CA, 94574-9544",ST HELENA,CA,94574,(707) 963-9733,,,9/29/2016 3:28:14 PM
FINKELSTEIN VINEYARDS,2332 SILVERADO TRAIL,,"NAPA CA, 94558-2045",NAPA,CA,94558,(707) 252-4725,eva@winecompliance.com,,9/29/2016 3:28:14 PM
JUNIATA VALLEY WINERY INC,19175 RTE 35 S,,"MIFFLIN PA, 17058-7278",MIFFLIN,PA,17058,(717) 436-5400,GEORGEHAZARD@GMAIL.COM,,9/29/2016 3:28:14 PM
PCJ INC,2900 SPRING MOUNTAIN RD,,"ST HELENA CA, 94574-1704",ST HELENA,CA,94574,(707) 252-4725,eva@winecompliance.com,,9/29/2016 3:28:14 PM
JUSTIN VINEYARDS & WINERY LLC,11680 CHIMNEY ROCK RD,,"PASO ROBLES CA, 93446",PASO ROBLES,CA,93446,,Justin@compli-beverage.com,,9/29/2016 3:28:15 PM
KEEVER VINEYARDS LLC,26 VINEYARD VIEW DR,,"NAPA CA, 94558",NAPA,CA,94558,(866) 661-4190,melissa@wineindustrycompliance.com,,9/29/2016 3:28:15 PM
JACKSON FAMILY WINES INC,5620 SKYLANE BLVD,,"SANTA ROSA CA, 95403",SANTA ROSA,CA,95403,(707) 547-4798,Dezerlee.Reeves@jfwmail.com,,9/29/2016 3:28:15 PM
KENZO ESTATE INC,3200 MONTICELLO  RD,,"NAPA CA, 94558",NAPA,CA,94558,(510) 964-7901,dleon@cqaconsult.net,,9/29/2016 3:28:15 PM
KIEU HOANG WINERY LLC,1285 DEALY  LANE,,"NAPA CA, 94559",NAPA,CA,94559,(509) 876-2461,lindsey@wcsofww.com,www.wcsofww.com,9/29/2016 3:28:15 PM
KING ESTATE WINERY LP,80854 TERRITORIAL RD,,"EUGENE OR, 97405",EUGENE,OR,97405,(541) 942-9874,mattg@kingestate.com,www.kingestate.com,9/29/2016 3:28:15 PM
KING FAMILY VINEYARDS LLC,6637 ROSELAND FARM,,"CROZET VA, 22932",CROZET,VA,22932,(434) 823-7800,admin@kingfamilyvineyards.com,www.kingfamilyvineyards.com,9/29/2016 3:28:15 PM
KING FERRY WINERY,658 LAKE RD,,"KING FERRY NY, 13081",KING FERRY,NY,13081,(315) 364-5100,EVENTS@TRELEAVENWINES.COM,www.treleavenwines.com,9/29/2016 3:28:15 PM
KNIGHTS BRIDGE WINERY LLC,5055 SOLANO AVE,,"NAPA CA, 94558-1326",NAPA,CA,94558,,knights.bridge@compli-beverage.com,,9/29/2016 3:28:15 PM
KB WINES LLC,6751 LAGUNA PKY,,"SEBASTOPOL CA, 95472-3445",SEBASTOPOL,CA,95472,(805) 239-4502,KB.Wines@compli-beverage.com,,9/29/2016 3:28:15 PM
KRUPP BROTHERS LLC,45 ENTERPRISE CT,"UNITS 1,3,4","NAPA CA, 94558",NAPA,CA,94558,(866) 661-4190,karyn@wineindustrycompliance.com,,9/29/2016 3:28:15 PM
KULETO VILLA LLC,2470 SAGE CANYON RD,,"ST HELENA CA, 94574",ST HELENA,CA,94574,(707) 708-7641,compliance@foleyfamilywines.com,www.foleyfamilywines.com,9/29/2016 3:28:15 PM
LOWDEN SCHOOLHOUSE CORP,41 LOWDEN SCHOOL RD,,"LOWDEN WA, 99360",LOWDEN,WA,99360,,lecole@compli-beverage.com,,9/29/2016 3:28:15 PM
JACKSON FAMILY WINES INC,3680 / 3690 LAUGHLIN RD,,"WINDSOR CA, 95492",WINDSOR,CA,95492,(707) 547-4798,Dezerlee.Reeves@jfwmail.com,,9/29/2016 3:28:15 PM
JACKSON FAMILY WINES INC,1102 LOS POSADAS RD,,"ANGWIN CA, 94508",ANGWIN,CA,94508,(707) 547-4798,Dezerlee.Reeves@jfwmail.com,,9/29/2016 3:28:15 PM
LAIL VINEYARDS LLC,335 WEST LANE,,"ANGWIN CA, 94508-9606",ANGWIN,CA,94508,(510) 964-7901,dleon@cqaconsult.net,,9/29/2016 3:28:15 PM
LANCASTER ESTATE VINEYARD & WINERY,15001 CHALK HILL RD,,"HEALDSBURG CA, 95448-9027",HEALDSBURG,CA,95448,(707) 708-7641,compliance@foleyfamilywines.com,www.foleyfamilywines.com,9/29/2016 3:28:15 PM
JUSTIN VINEYARDS & WINERY LLC,101 ADOBE CANYON RD,,"KENWOOD CA, 95452-9045",KENWOOD,CA,95452,(805) 239-4502,Landmark@compli-beverage.com,,9/29/2016 3:28:15 PM
LANGE WINERY LLC,18380 NE BUENA VISTA DR,,"DUNDEE OR, 97115-9104",DUNDEE,OR,97115,(503) 318-9312,,,9/29/2016 3:28:15 PM
LASSETER FAMILY WINERY LLC,ONE VINTAGE LANE,,"GLEN ELLEN CA, 95442-9415",GLEN ELLEN,CA,95442,(707) 578-7807,paula@complianceservice.com,,9/29/2016 3:28:15 PM
BARBARA A NORDBERG,1754 OLD GRADE RD,,"FALLS CREEK PA, 15840-4016",FALLS CREEK,PA,15840,(814) 371-0221,LAURELMTN@BROCKWAYTV.COM,www.brockwaytv.com,9/29/2016 3:28:15 PM
LEONESSE CELLARS LLC,38311 DE PORTOLA RD,,"TEMECULA CA, 92592",TEMECULA,CA,92592,,Leonesse@compli-beverage.com,,9/29/2016 3:28:15 PM
LEONETTI CELLAR LLC,1875 FOOTHILLS LANE,,"WALLA WALLA WA, 99362-9052",WALLA WALLA,WA,99362,(509) 525-1428,kkitamura@figginsfamily.com,www.figginsfamily.com,9/29/2016 3:28:15 PM
LC WINE,4101 BIG RANCH RD,,"NAPA CA, 94558",NAPA,CA,94558,(707) 255-3400,melissa@lewiscellars.com,www.lewiscellars.com,9/29/2016 3:28:15 PM
THE LITTORAI WINES,788 GOLD RIDGE RD,,"SEBASTOPOL CA, 95472",SEBASTOPOL,CA,95472,(707) 823-9586,shannon@littorai.com,www.littorai.com,9/29/2016 3:28:15 PM
LOBO WINES LLC,2275 SODA CANYON RD,,"NAPA CA, 94558-9201",NAPA,CA,94558,(707) 252-4725,jw1@winecompliance.com,,9/29/2016 3:28:15 PM
LONG MEADOW RANCH WINERY INC,1775 WHITEHALL LANE,,"ST HELENA CA, 94574",ST HELENA,CA,94574,(510) 964-7901,dleon@cqaconsult.net,,9/29/2016 3:28:15 PM
LUCAS & LEWELLEN,132 EASY ST,,"BUELLTON CA, 93427",BUELLTON,CA,93427,(805) 686-1081,lynne@llwine.com,www.llwine.com,9/29/2016 3:28:15 PM
LUCAS VINEYARDS INC,3862 COUNTY RD 150,,"INTERLAKEN NY, 14847-9653",INTERLAKEN,NY,14847,(607) 532-4825,RUTHIE@LUCASVINEYARDS.COM,www.lucasvineyards.com,9/29/2016 3:28:15 PM
LYNMAR WINERY LLC,3905 FREI RD,,"SEBASTOPOL CA, 95472-2311",SEBASTOPOL,CA,95472,(707) 284-2828,licensing@compliance-connect.com,,9/29/2016 3:28:15 PM
MAC WINES LLC,35265 WILLOW AV,,"CLARKSBURG CA, 95216",CLARKSBURG,CA,95216,(707) 933-9752,info@threewinecompany.com,www.threewinecompany.com,9/29/2016 3:28:15 PM
WEST COAST WINE PARTNERS LLC,777 MADRONE RD,,"GLEN ELLEN CA, 95442",GLEN ELLEN,CA,95442,(707) 939-4500,wcwines@compli-beverage.com,,9/29/2016 3:28:15 PM
MAKK WINE LLC,979 SW ALDER ST,,"DUNDEE OR, 97115",DUNDEE,OR,97115,(503) 244-1748,info@anticaterra.com,www.anticaterra.com,9/29/2016 3:28:15 PM
MARIETTA CELLARS INC,22295 CHIANTI RD,,"GEYSERVILLE CA, 95441",GEYSERVILLE,CA,95441,(707) 284-2828,LICENSING@COMPLIANCE-CONNECT.COM,,9/29/2016 3:28:15 PM
MARK HEROLD WINES LLC,100 NAPA JUNCTION RD,,"AMERICAN CANYON CA, 94503",AMERICAN CANYON,CA,94503,(707) 256-3111,compliance@heroldwines.com,www.heroldwines.com,9/29/2016 3:28:15 PM
MARTIN RAY WINERY INC,2191 LAGUNA RD,,"SANTA ROSA CA, 95401-3705",SANTA ROSA,CA,95401,,kevin@martinraywinery.com,www.martinraywinery.com,9/29/2016 3:28:15 PM
MARTINELLI WINERY INC,3360 RIVER RD,,"WINDSOR CA, 95492-9671",WINDSOR,CA,95492,(707) 525-1017,MARY@MARTINELLIWINERY.COM,www.martinelliwinery.com,9/29/2016 3:28:15 PM
JACKSON FAMILY WINES INC,6097 BENNETT VALLEY RD,,"SANTA ROSA CA, 95404-8570",SANTA ROSA,CA,95404,(707) 547-4798,Dezerlee.Reeves@jfwmail.com,,9/29/2016 3:28:15 PM
"ROBERT MAZZA, INC.",11815 E LAKE RD,,"NORTH EAST PA, 16428-3363",NORTH EAST,PA,16428,(814) 725-8695,RMAZZA12@JUNO.COM,www.juno.com,9/29/2016 3:28:15 PM
MELVILLE WINERY LLC,5185 HWY 246 E,,"LOMPOC CA, 93436",LOMPOC,CA,93436,(805) 735-7030,megan@melvillewinery.com,www.melvillewinery.com,9/29/2016 3:28:15 PM
MER ET SOLEIL LLC,1290 RIVER RD,,"SALINAS CA, 93908",SALINAS,CA,93908,,mer.et.soliel@compli-beverage.com,,9/29/2016 3:28:15 PM
MERCER WINE ESTATES LLC,3100 LEE RD,,"PROSSER WA, 99350-6572",PROSSER,WA,99350,(509) 786-2097,suzief@mercerestates.com,www.mercerestates.com,9/29/2016 3:28:15 PM
MERRYVALE VINEYARDS LLC,1000 MAIN ST,,"ST HELENA CA, 94574",ST HELENA,CA,94574,(510) 964-7901,dleon@cqaconsult.net,,9/29/2016 3:28:15 PM
"FOLEY FAMILY WINES, INC.",424 CRYSTAL SPRINGS RD,,"SAINT HELENA CA, 94574-9666",SAINT HELENA,CA,94574,(707) 708-7641,compliance@foleyfamilywines.com,www.foleyfamilywines.com,9/29/2016 3:28:15 PM
METEOR VINEYARD LLC,335 WEST LANE,,"ANGWIN CA, 94508-9606",ANGWIN,CA,94508,(707) 265-0233,beth@thewacco.com,www.thewacco.com,9/29/2016 3:28:15 PM
PHILLIPS FARMS LLC,4580 W HIGHWAY 12,,"LODI CA, 95242-9529",LODI,CA,95242,(805) 239-4502,Michael.David@compli-beverage.com,,9/29/2016 3:28:15 PM
MIDDLETON FAMILY WINES LLC,4910 EDNA RD,,"SAN LUIS OBISPO CA, 93401",SAN LUIS OBISPO,CA,93401,(805) 239-4502,middleton@compli-beverage.com,,9/29/2016 3:28:15 PM
CELEBRATION CELLARS LLC,33410 RANCHO CALIFORNIA RD,,"TEMECULA CA, 92591-4928",TEMECULA,CA,92591,(951) 506-5500,jason@miramontewinery.com,www.miramontewinery.com,9/29/2016 3:28:15 PM
MIXOLOSEUM LLC,1100 E HOWARD LANE,,"AUSTIN TX, 78753",AUSTIN,TX,78753,(415) 352-4406,andrew@mixparty.com,www.mixparty.com,9/29/2016 3:28:15 PM
THE MORLET SELECTION INC,2825 ST HELENA HWY N,,"ST HELENA CA, 94574-9655",ST HELENA,CA,94574,(510) 964-7901,dleon@cqaconsult.net,,9/29/2016 3:28:15 PM
MOUNT NITTANY VINEYARD & WINERY INC,300 HOUSER RD,,"CENTRE HALL PA, 16828-8002",CENTRE HALL,PA,16828,(814) 466-6373,sales@mtnittanywinery.com,www.mtnittanywinery.com,9/29/2016 3:28:15 PM
ONV WASHINGTON LLC,1489 W ROSE ST,,"WALLA WALLA WA, 99362-1645",WALLA WALLA,WA,99362,(707) 963-5537,dennis@mullanroadcellars.com,www.mullanroadcellars.com,9/29/2016 3:28:15 PM
MUSCARDINI CELLARS LLC,10200 SONOMA HWY,,"KENWOOD CA, 95452",KENWOOD,CA,95452,(707) 933-9305,alice@muscardinicellars.com,www.muscardinicellars.com,9/29/2016 3:28:15 PM
NEAL FAMILY VINEYARDS LLC,716 LIPARITA AV,,"ANGWIN CA, 94508",ANGWIN,CA,94508,(707) 965-2800,info@nealvineyards.com,www.nealvineyards.com,9/29/2016 3:28:15 PM
NEWTON VINEYARD LLC,2555 MADRONA AV,,"ST HELENA CA, 94574",ST HELENA,CA,94574,(707) 204-7410,newton.vineyards@compli-beverage.com,,9/29/2016 3:28:15 PM
OBLOQUY INC,1750 N VENTURA AV,,"VENTURA CA, 93001",VENTURA,CA,93001,(805) 649-1291,wine@nextofkyn.net,www.nextofkyn.net,9/29/2016 3:28:15 PM
FN CELLARS LLC,8164 ST HELENA HWY,,"OAKVILLE CA, 95462",OAKVILLE,CA,95462,(707) 967-9600,ssmith@fn-mail.com,,9/29/2016 3:28:15 PM
HARMELL CELLARS LLC,269 NARCISSA PL,,"WALLA WALLA WA, 99362",WALLA WALLA,WA,99362,(509) 876-2461,lindsey@wcsofww.com,www.wcsofww.com,9/29/2016 3:28:15 PM
NOVA WINES INC,7830-40 ST HELENA HWY,,"OAKVILLE CA, 94562",OAKVILLE,CA,94562,(510) 964-7901,dleon@cqaconsult.net,,9/29/2016 3:28:15 PM
O'BRIEN FAMILY VINEYARDS LLC,1200 ORCHARD AV,,"NAPA CA, 94558",NAPA,CA,94558,,COASTALCOMPLIANCE@COMCAST.NET,,9/29/2016 3:28:15 PM
Oakville Ranch Winery Inc,7781 SILVERADO TRAIL,,"NAPA CA, 94558",NAPA,CA,94558,(707) 265-0223,beth@thewacco.com,www.thewacco.com,9/29/2016 3:28:15 PM
HOPE WINE LLC,1907 N KELLY RD,,"NAPA CA, 94558",NAPA,CA,94558,(707) 284-2828,info@hopewine.com,www.hopewine.com,9/29/2016 3:28:15 PM
SISYPHUS LLC,255 LONG RANCH RD,,"ST HELENA CA, 94574",ST HELENA,CA,94574,,ovid@compli-beverage.com,,9/29/2016 3:28:15 PM
PAHLMEYER LLC,811 ST HELENA HWY S,#202,"ST HELENA CA, 94574-2266",ST HELENA,CA,94574,(707) 252-4725,reg2@winecompliance.com,,9/29/2016 3:28:15 PM
PALOMA VINEYARD LLC,4013 SPRING MOUNTAIN RD,,"ST HELENA CA, 94574",ST HELENA,CA,94574,(510) 964-7901,dleon@cqaconsult.net,,9/29/2016 3:28:15 PM
RENNICK J HARRIS & MARILYN L HARRIS,1277  DWYER RD,,"OAKVILLE CA, 94562",OAKVILLE,CA,94562,(866) 661-4190,melissa@wineindustrycompliance.com,,9/29/2016 3:28:15 PM
PAUL HOBBS WINERY LP,3355 GRAVENSTEIN HWY N,,"SEBASTOPOL CA, 95472",SEBASTOPOL,CA,95472,(707) 824-9879,mhaber@paulhobbs.com,www.paulhobbs.com,9/29/2016 3:28:15 PM
,9119 GRATON RD,,"GRATON CA, 95444",GRATON,CA,95444,(209) 482-5792,Peirano.Estate@compli-beverage.com,,9/29/2016 3:28:15 PM
PEJU FAMILY OPERATING PARTNERSHIP LP,8466 ST HELENA HWY,,"RUTHERFORD CA, 94573",RUTHERFORD,CA,94573,(707) 963-3600,compliance@peju.com,www.peju.com,9/29/2016 3:28:15 PM
PELLEGRINI RANCHES INC,4055 WEST OLIVET LN,,"SANTA ROSA CA, 95401-3839",SANTA ROSA,CA,95401,(707) 284-2828,licensing@compliance-connect.com,,9/29/2016 3:28:15 PM
WILLIAM PENN CORP,1016 SAVILLE AVE,,"EDDYSTONE PA, 19022",EDDYSTONE,PA,19022,,CARLEY@PENNSWOODSWINERY.COM,www.pennswoodswinery.com,9/29/2016 3:28:15 PM
PENROSE LANE LIMITED,499 MOORE LANE,,"HEALDSBURG CA, 95448",HEALDSBURG,CA,95448,,penrose.hill@compli-beverage.com,,9/29/2016 3:28:15 PM
PAVITT FAMILY VINEYARDS LLC,4660 SILVERADO TRAIL,,"CALISTOGA CA, 94515",CALISTOGA,CA,94515,(707) 942-4787,ancompliance@gmail.com,,9/29/2016 3:28:15 PM
PICKETT ROAD WINE COMPANY LLC,2339 PICKETT RD,,"CALISTOGA CA, 94515",CALISTOGA,CA,94515,(866) 661-4190,brenda@wineindustrycompliance.com,,9/29/2016 3:28:15 PM
PINA CELLARS LP,8060 SILVERADO TRAIL,,"NAPA CA, 94558-9434",NAPA,CA,94558,(707) 265-0233,BETH@THEWACCO.COM,www.thewacco.com,9/29/2016 3:28:15 PM
PINE RIDGE WINERY LLC,5901 SILVERADO TRAIL,,"NAPA CA, 94558-9417",NAPA,CA,94558,(707) 260-0922,jeanette.wemette@crimsonwinegroup.com,www.crimsonwinegroup.com,9/29/2016 3:28:15 PM
PRAGER WINERY & PORT WORKS INC,1281 LEWELLING LANE,,"ST HELENA CA, 94574-2235",ST HELENA,CA,94574,,eva@winecompliance.com,,9/29/2016 3:28:15 PM
PRAIRIE BERRY LLC,23837 HWY 385,,"HILL CITY SD, 57745-6517",HILL CITY,SD,57745,(605) 574-3898,deniseh@prairieberry.com,www.prairieberry.com,9/29/2016 3:28:15 PM
PROMONTORY LLC,1595 OAKVILLE GRADE RD,,"OAKVILLE CA, 94562",OAKVILLE,CA,94562,(707) 578-7807,paula@complianceservice.com,,9/29/2016 3:28:15 PM
HUNEEUS VINTNERS LLC,1601 SILVERADO TRAIL,,"RUTHERFORD CA, 94573",RUTHERFORD,CA,94573,(510) 964-7901,dleon@cqaconsult.net,,9/29/2016 3:28:15 PM
BRANDON BORGER,613 BLAKESLEE BLVD E,UNIT 104,"LEHIGHTON PA, 18235-8766",LEHIGHTON,PA,18235,,NORTHEASTHOMEBREWSUPPLY@GMAIL.COM,,9/29/2016 3:28:16 PM
RADIO-COTEAU WINE CELLARS LLC,2040 BARLOW LANE,,"SEBASTOPOL CA, 95472",SEBASTOPOL,CA,95472,(707) 823-2578,inquiry@radiocoteau.com,www.radiocoteau.com,9/29/2016 3:28:16 PM
RED TAIL RIDGE INC,846 STATE ROUTE 14,,"PENN YAN NY, 14527",PENN YAN,NY,14527,,danielle@redtailridgewinery.com,www.redtailridgewinery.com,9/29/2016 3:28:16 PM
REECE WINERY LLC,132 4TH ST,,"MCDONALD PA, 15057-1113",MCDONALD,PA,15057,(724) 492-1569,REECEWINERY@YAHOO.COM,,9/29/2016 3:28:16 PM
REGUSCI WINERY INC,5584 SILVERADO TRL,,"NAPA CA, 94558-9411",NAPA,CA,94558,(805) 239-4502,regusci.winery@compli-beverage.com,,9/29/2016 3:28:16 PM
CHARLES REININGER LLC,5858 OLD HIGHWAY 12,,"WALLA WALLA WA, 99362-7291",WALLA WALLA,WA,99362,(509) 876-2461,karla@wcsofww.com,www.wcsofww.com,9/29/2016 3:28:16 PM
THE RENEGADE WINERY LLC,219 E BROAD ST,,"EAST STROUDSBURG PA, 18301-2307",EAST STROUDSBURG,PA,18301,(570) 350-2638,,,9/29/2016 3:28:16 PM
REVANA FAMILY PARTNERS,2930 ST HELENA HWY N,,"SAINT HELENA CA, 94574-9701",SAINT HELENA,CA,94574,,sampbooking@gmail.com,,9/29/2016 3:28:16 PM
RIVERBENCH LLC,6020 FOXEN CANYON RD,,"SANTA MARIA CA, 93454",SANTA MARIA,CA,93454,(805) 937-8340,judi@riverbench.com,www.riverbench.com,9/29/2016 3:28:16 PM
RIVERS MARIE WINES LLC,1601 CEDAR ST,,"CALISTOGA CA, 94515",CALISTOGA,CA,94515,(707) 341-3127,will@riversmarie.com,www.riversmarie.com,9/29/2016 3:28:16 PM
GARY FRANSCIONI INC,1225 MINNESOTA ST,,"SAN FRANCISCO CA, 94107",SAN FRANCISCO,CA,94107,(831) 675-1681,debbie@roarwines.com,www.roarwines.com,9/29/2016 3:28:16 PM
DAVID W HOFFMAN & AMY E HOFFMAN,489 ROUTE 54 SOUTH,,"PENN YAN NY, 14527",PENN YAN,NY,14527,(315) 536-1095,dhoffman@roosterhill.com,www.roosterhill.com,9/29/2016 3:28:16 PM
RUDD WINES INC,500 OAKVILLE CROSSROAD,,"OAKVILLE CA, 94562",OAKVILLE,CA,94562,(707) 284-2828,licensing@compliance-connect.com,,9/29/2016 3:28:16 PM
VEN-CAL RANCHES LLC,7802 MONEY RD,,"OAKVILLE CA, 94562",OAKVILLE,CA,94562,(707) 944-1305,norene@saddlebackcellars.com,www.saddlebackcellars.com,9/29/2016 3:28:16 PM
SAINTSBURY LLC,1500 LOS CARNEROS AV,,"NAPA CA, 94559",NAPA,CA,94559,(707) 578-7807,paula@complianceservice.com,,9/29/2016 3:28:16 PM
SARACINA VINEYARDS LLC,11684 HWY 101,,"HOPLAND CA, 95449",HOPLAND,CA,95449,(707) 284-2828,licensing@compliance-connect.com,,9/29/2016 3:28:16 PM
SCHEID VINEYARDS CALIFORNIA INC,1972 HOBSON AVE,,"GREENFIELD CA, 93927-9605",GREENFIELD,CA,93927,(831) 455-9990,MIKE@SCHEIDVINEYARDS.COM,www.scheidvineyards.com,9/29/2016 3:28:16 PM
CREATIVE WINE CONCEPTS INC,830 FULTON LANE,,"ST HELENA CA, 94574",ST HELENA,CA,94574,(707) 968-9575,carla@scottharveywines.com,www.scottharveywines.com,9/29/2016 3:28:16 PM
SCREAMING EAGLE LLC,7557 SILVERADO TRAIL,,"NAPA CA, 94558",NAPA,CA,94558,(866) 661-4190,melissa@wineindustrycompliance.com,,9/29/2016 3:28:16 PM
DAVIDS PINOT VINEYARDS INC,1604 N O ST,,"LOMPOC CA, 93436-3420",LOMPOC,CA,93436,(805) 737-1600,comp@seasmoke.com,www.seasmoke.com,9/29/2016 3:28:16 PM
"FOLEY FAMILY WINES, INC.",389 4TH ST E,,"SONOMA CA, 95476-5717",SONOMA,CA,95476,(707) 000-0000,compliance@foleyfamilywines.com,www.foleyfamilywines.com,9/29/2016 3:28:16 PM
SEQUOIA GROVE VINEYARDS LP,8338 S ST HELENA HWY,,"RUTHERFORD CA, 94573",RUTHERFORD,CA,94573,(510) 964-7901,dleon@cqaconsult.net,,9/29/2016 3:28:16 PM
RBZ VINEYARDS LLC,1653 OLD PRICE CANYON RD,,"SAN LUIS OBISPO CA, 93401-8208",SAN LUIS OBISPO,CA,93401,(805) 542-0133,accounting@sextantwines.com,www.sextantwines.com,9/29/2016 3:28:16 PM
"SHADE MOUNTAIN WINERY, INC.",16140 RTE 104,,"MIDDLEBURG PA, 17842",MIDDLEBURG,PA,17842,(570) 837-3644,SHADEMT@PTD.NET,www.ptd.net,9/29/2016 3:28:16 PM
SHARROTT ESTATE WINERY LLC,370 S EGG HARBOR RD,,"BLUE ANCHOR NJ, 08037-2460",BLUE ANCHOR,NJ,08037,(609) 410-4348,larry@sharrottwinery.com,www.sharrottwinery.com,9/29/2016 3:28:16 PM
SHELBURNE VINEYARD LLC,6308  SHELBURNE RD,,"SHELBURNE VT, 05482",SHELBURNE,VT,05482,(802) 985-8222,galbert@shelburnevineyard.com,www.shelburnevineyard.com,9/29/2016 3:28:16 PM
SILVER OAK WINE CELLARS LP,915 OAKVILLE CROSSROAD SUITE B,,"OAKVILLE CA, 94562",OAKVILLE,CA,94562,(707) 578-7807,paula@complianceservice.com,,9/29/2016 3:28:16 PM
THE SILVERADO VINEYARDS,6121 SILVERADO TRAIL,,"NAPA CA, 94558",NAPA,CA,94558,(707) 578-7807,paula@complianceservice.com,,9/29/2016 3:28:16 PM
"SINE QUA NON, INC.",10801 SANTA ANA RD,,"VENTURA CA, 93001",VENTURA,CA,93001,(805) 649-8901,stacy@sinequanonwines.com,www.sinequanonwines.com,9/29/2016 3:28:16 PM
"SLJ GROUP, INC.",2350 MCNAB RANCH RD,,"UKIAH CA, 95482",UKIAH,CA,95482,(707) 546-6500,kelly.martin@directwines.com,www.directwines.com,9/29/2016 3:28:16 PM
SOKOL BLOSSER LTD,5000 SOKOL BLOSSER LANE,,"DAYTON OR, 97114",DAYTON,OR,97114,(503) 864-2282,accountspayable@sokolblosser.com,www.sokolblosser.com,9/29/2016 3:28:16 PM
JACKSON FAMILY WINES INC,3299 BENNETT LANE,,"CALISTOGA CA, 94515-9725",CALISTOGA,CA,94515,(707) 547-4798,Dezerlee.Reeves@jfwmail.com,,9/29/2016 3:28:16 PM
SPOTTSWOODE WINERY INC,1902 MADRONA AV,,"ST HELENA CA, 94574",ST HELENA,CA,94574,(707) 963-0134,spottswoode@compli-beverage.com,,9/29/2016 3:28:16 PM
SPRING MOUNTAIN VINEYARD INC,2805  SPRING MOUNTAIN RD,,"ST HELENA CA, 94574",ST HELENA,CA,94574,(510) 964-7901,dleon@cqaconsult.net,,9/29/2016 3:28:16 PM
STE MICHELLE WINE ESTATES LTD,1663 CORKRUM RD,,"WALLA WALLA WA, 99362",WALLA WALLA,WA,99362,(425) 488-1133,COMPLIANCE@SMWE.COM,www.smwe.com,9/29/2016 3:28:16 PM
ST FRANCIS WINERY & VINEYARD LP,500 PYTHIAN  RD,,"SANTA ROSA CA, 95409",SANTA ROSA,CA,95409,(510) 964-7901,dleon@cqaconsult.net,,9/29/2016 3:28:16 PM
STAGS LEAP WINE CELLARS LLC,5766 SILVERADO TRAIL,,"NAPA CA, 94558-9749",NAPA,CA,94558,,,,9/29/2016 3:28:16 PM
STE MICHELLE WINE ESTATES LTD,660 FRONTIER RD,,"PROSSER WA, 99350",PROSSER,WA,99350,(425) 415-3733,compliance@smwe.com,www.smwe.com,9/29/2016 3:28:16 PM
STE MICHELLE WINE ESTATES LTD,1736 JB GEORGE RD,,"WALLA WALLA WA, 99362",WALLA WALLA,WA,99362,(425) 415-3733,compliance@smwe.com,www.smwe.com,9/29/2016 3:28:16 PM
STEPHAN VINEYARDS,2815 LIVE OAK RD,,"PASO ROBLES CA, 93446-6613",PASO ROBLES,CA,93446,(805) 227-1588,wc@aventurewine.com,www.aventurewine.com,9/29/2016 3:28:16 PM
STOLLER VINEYARDS INC,16161 NE MCDOUGALL RD,,"DAYTON OR, 97114-7046",DAYTON,OR,97114,(503) 318-9312,Splante101@gmail.com,,9/29/2016 3:28:16 PM
JACKSON FAMILY WINES INC,7111 HIGHWAY 128,,"HEALDSBURG CA, 95448",HEALDSBURG,CA,95448,(707) 547-4798,Dezerlee.Reeves@jfwmail.com,,9/29/2016 3:28:16 PM
STORYBOOK MOUNTAIN WINERY INC,3835 RTE 128,,"CALISTOGA CA, 94515",CALISTOGA,CA,94515,(707) 942-5310,PAM@STORYBOOKWINES.COM,www.storybookwines.com,9/29/2016 3:28:16 PM
SULLIVAN VINEYARDS CORPORATION,1090 GALLERON RD,,"RUTHERFORD CA, 94573",RUTHERFORD,CA,94573,(209) 883-7031,mallory.wilhite@holtzclawcomp.com,www.holtzclawcomp.com,9/29/2016 3:28:16 PM
VINTAGE WINE ESTATES INC,1271 MANLEY LANE,,"RUTHERFORD CA, 94573",RUTHERFORD,CA,94573,(707) 265-6331,lyz@vintnersaccounting.com,www.vintnersaccounting.com,9/29/2016 3:28:16 PM
MORCHELLA WINE CELLARS LLC,111 BALCH RD,,"LYLE WA, 98635",LYLE,WA,98635,(503) 318-9312,sampbooking@gmail.com,,9/29/2016 3:28:16 PM
J3 WINE PARTNERS LLC,1020 FOOTHILL BLVD,,"CALISTOGA CA, 94515",CALISTOGA,CA,94515,(805) 239-4502,j3.wp@compli-beverage.com,,9/29/2016 3:28:16 PM
TARARA WINERY LLC,13648 TARARA LANE,,"LEESBURG VA, 20176",LEESBURG,VA,20176,(703) 771-7100,margie.russell@tarara.com,www.tarara.com,9/29/2016 3:28:16 PM
TERRAVANT WINE COMPANY LLC,35 & 70 INDUSTRIAL WAY,,"BUELLTON CA, 93427",BUELLTON,CA,93427,(805) 239-4502,terravant.wine@compli-beverage.com,,9/29/2016 3:28:16 PM
TESTAROSSA VINEYARDS LLC,300 COLLEGE AV,,"LOS GATOS CA, 95030-7066",LOS GATOS,CA,95030,(408) 354-0797,ryan@testarossa.com,www.testarossa.com,9/29/2016 3:28:16 PM
WINSIDE USA INC,1160 HOPPER AVE,,"SANTA ROSA CA, 95403-1651",SANTA ROSA,CA,95403,(707) 252-4725,eva@winecompliance.com,,9/29/2016 3:28:16 PM
"FOLEY FAMILY WINES, INC.",5017 ZACA STATION RD,PO BOX 244,"LOS OLIVOS CA, 93441-0244",LOS OLIVOS,CA,93441,(814) 238-5898,,,9/29/2016 3:28:16 PM
"FOLEY FAMILY WINES, INC.",9605 NE FOX FARM RD,,"DUNDEE OR, 97115",DUNDEE,OR,97115,(707) 708-7941,compliance@foleyfamilywines.com,www.foleyfamilywines.com,9/29/2016 3:28:16 PM
THE WINERY AT WILCOX INC,1867 MEFFERTS RUN RD,,"WILCOX PA, 15870-9704",WILCOX,PA,15870,(814) 929-5598,info@wineryatwilcox.net,www.wineryatwilcox.net,9/29/2016 3:28:16 PM
THREE BROTHERS WINERIES AND ESTATES,623 LERCH RD,,"GENEVA NY, 14456-9295",GENEVA,NY,14456,(315) 585-4432,luanne@3brotherswinery.com,www.3brotherswinery.com,9/29/2016 3:28:16 PM
"FOLEY FAMILY WINES, INC.",5641 OLD HIGHWAY 12,,"WALLA WALLA WA, 99362",WALLA WALLA,WA,99362,(707) 708-7641,compliance@foleyfamilywines.com,www.foleyfamilywines.com,9/29/2016 3:28:16 PM
TOAD HOLLOW VINEYARDS INC,11455 OLD REDWOOD HWY,,"HEALDSBURG CA, 95448-9523",HEALDSBURG,CA,95448,(707) 578-7807,paula@complianceservice.com,,9/29/2016 3:28:16 PM
TRENTADUE WINERY LLC,19170 GEYSERVILLE AVE,,"GEYSERVILLE CA, 95441-9528",GEYSERVILLE,CA,95441,(707) 284-2828,licensing@compliance-connect.com,,9/29/2016 3:28:16 PM
GRIEB OPTIMAL WINECRAFTING LLC,71 GANGL RD,,"WAPATO WA, 98951",WAPATO,WA,98951,(509) 877-0925,katieg@trevericellars.com,www.trevericellars.com,9/29/2016 3:28:16 PM
HDD LLC,5610 DRY CREEK RD,,"HEALDSBURG CA, 95448",HEALDSBURG,CA,95448,(707) 431-4440,compliance@truetthurst.com,www.truetthurst.com,9/29/2016 3:28:16 PM
ERIC TRUMP WINE MANUFACTURING LLC,3740 BLENHEIM RD,,"CHARLOTTESVILLE VA, 22902",CHARLOTTESVILLE,VA,22902,(434) 220-5907,wccgtrumpwinery@gmail.com,,9/29/2016 3:28:16 PM
TURKOVICH FAMILY WINES LLC,30471 BUCKEYE RD,,"WINTERS CA, 95694-9503",WINTERS,CA,95694,(530) 795-3842,edmund@tfwllc.com,www.tfwllc.com,9/29/2016 3:28:16 PM
TURLEY WINE CELLARS INC,3358 SAINT HELENA HWY N,,"SAINT HELENA CA, 94574-9660",SAINT HELENA,CA,94574,,turley@compli-beverage.com,,9/29/2016 3:28:16 PM
UNIVERSITY WINE COMPANY LLC,198 FENWICK DR,,"PORT MATILDA PA, 16870",PORT MATILDA,PA,16870,(814) 353-1679,,,9/29/2016 3:28:16 PM
UNTI WINE COMPANY LLC,4202 DRY CREED RD,,"HEALDSBURG CA, 95448",HEALDSBURG,CA,95448,(707) 433-5590,untiwineco@untivineyards.com,www.untivineyards.com,9/29/2016 3:28:16 PM
"VAN DUZER VINEYARDS, LLC",11975 SMITHFIELD RD,,"DALLAS OR, 97338",DALLAS,OR,97338,(503) 623-6420,kathy@vanduzer.com,www.vanduzer.com,9/29/2016 3:28:16 PM
JACKSON FAMILY WINES INC,4611 THOMAS RD,,"HEALDSBURG CA, 95448",HEALDSBURG,CA,95448,(707) 547-4798,Dezerlee.Reeves@jfwmail.com,,9/29/2016 3:28:16 PM
VIA VECCHIA WINERY LLC,4330 HOME RD,,"POWELL OH, 43065-7940",POWELL,OH,43065,(614) 886-2839,viavecchiawinery@gmail.com,,9/29/2016 3:28:16 PM
VINTAGE WINE ESTATES INC,25200 ARNOLD DR,,"SONOMA CA, 95476-9222",SONOMA,CA,95476,(707) 935-4700,CUSTSERVICE@VIANSA.COM,www.viansa.com,9/29/2016 3:28:16 PM
VINE CLIFF WINERY INC,7400 SILVERADO TRAIL,,"NAPA CA, 94558",NAPA,CA,94558,(707) 944-2388,kate@vinecliff.com,www.vinecliff.com,9/29/2016 3:28:16 PM
7 & 8 LLC,4028  SPRING MOUNTAIN RD,,"ST HELENA CA, 94574",ST HELENA,CA,94574,(707) 431-7425,gloria@licensewine.com,www.licensewine.com,9/29/2016 3:28:16 PM
TEALE CREEK ASSOCIATES,PO BOX 777,,"PINOLE CA, 94564-0777",PINOLE,CA,94564,(510) 964-7901,dleon@cqaconsult.net,,9/29/2016 3:28:16 PM
VYNECREST LLC,172 ARROWHEAD LN,,"BREINIGSVILLE PA, 18031-9303",BREINIGSVILLE,PA,18031,(484) 457-1873,john@vynecrest.com,www.vynecrest.com,9/29/2016 3:28:16 PM
WAGNER WINERY LLC,9322 RTE 414,,"LODI NY, 14860",LODI,NY,14860,(607) 582-6450,d.wagner@wagnervineyards.com,www.wagnervineyards.com,9/29/2016 3:28:16 PM
UNGRAPEFUL WINERY LLC,638 TURNER DR,,"BLAIRSVILLE PA, 15717-8204",BLAIRSVILLE,PA,15717,(724) 456-5808,UNGRAPEFULWINERY@GMAIL.COM,,9/29/2016 3:28:16 PM
GBF ENTERPRISES LLC,355 4TH  ST E,,"SONOMA CA, 95476",SONOMA,CA,95476,(707) 708-7641,compliance@foleyfamilywines.com,www.foleyfamilywines.com,9/29/2016 3:28:16 PM
WENTE BROS,5565 TESLA RD,,"LIVERMORE CA, 94550",LIVERMORE,CA,94550,(925) 456-2006,carole.peterson@wentevineyards.com,www.wentevineyards.com,9/29/2016 3:28:16 PM
WINERY FULFULLMENT SERVICES LLC,1491 W ROSE ST,,"WALLA WALLA WA, 99362",WALLA WALLA,WA,99362,,tracy@wcsofww.com,www.wcsofww.com,9/29/2016 3:28:16 PM
LEONARDINI FAMILY WINERY LLC,1563 ST HELENA HWY,,"ST HELENA CA, 94574",ST HELENA,CA,94574,(707) 252-4725,jw1@winecompliance.com,,9/29/2016 3:28:16 PM
WILLAKENZIE ESTATE INC,19143 NE LAUGHLIN RD,,"YAMHILL OR, 97148-8415",YAMHILL,OR,97148,(503) 662-1261,COMPLIANCE@WILLAKENZIE.COM,www.willakenzie.com,9/29/2016 3:28:16 PM
BWSC LLC,35 & 70 INDUSTRIAL WAY,,"BUELLTON CA, 93427",BUELLTON,CA,93427,,club.w@compli-beverage.com,,9/29/2016 3:28:16 PM
WINDERLEA WINE COMPANY LLC,8905 NE WORDEN HILL RD,,"DUNDEE OR, 97115-9145",DUNDEE,OR,97115,(503) 554-5900,info@winderlea.com,www.winderlea.com,9/29/2016 3:28:16 PM
"MILDARA BLASS, INC.",13300 BUCKMAN DR,,"HOPLAND CA, 95449-9400",HOPLAND,CA,95449,(707) 265-6331,lyz@vintnersaccounting.com,www.vintnersaccounting.com,9/29/2016 3:28:16 PM
WINEGREETING.COM INC,14551 OAK MEADOW RD,,"VALLEY CENTER CA, 92082",VALLEY CENTER,CA,92082,(858) 208-4025,kelly@winegreeting.com,www.winegreeting.com,9/29/2016 3:28:16 PM
WINERY AT BLACK STAR FARMS LLC,10844 E REVOLD RD,,"SUTTONS BAY MI, 49682",SUTTONS BAY,MI,49682,(231) 944-1282,bguest@blackstarfarms.com,www.blackstarfarms.com,9/29/2016 3:28:16 PM
CUSHMAN WINERY CORPORATION,6905 FOXEN CANYON RD,,"LOS OLIVOS CA, 93441",LOS OLIVOS,CA,93441,,Zaca.Mesa@compli-beverage.com,,9/29/2016 3:28:16 PM
ZD WINES LLC,8383 SILVERADO TRAIL,,"NAPA CA, 94558",NAPA,CA,94558,(707) 963-5188,compliance@zdwines.com,www.zdwines.com,9/29/2016 3:28:16 PM
